Player,Pos,Height,Weight,40yd,Vertical,Bench,Broad Jump,3Cone,Shuttle,Drafted,Pick,draft_year,defensive_PD,defensive_QB HUR,defensive_SACKS,defensive_SOLO,defensive_TD,defensive_TFL,defensive_TOT,interceptions_AVG,interceptions_INT,interceptions_TD,interceptions_YDS
Josiah Scott,CB,69.0,185.0,4.42,0.0,17.0,0.0,0.0,0.0,1.0,137.0,2020.0,7.0,0.0,0.0,38.0,0.0,0.0,55.0,11.3,3.0,0.0,34.0
Troy Pride,CB,71.0,193.0,4.4,35.5,13.0,119.0,6.94,4.26,1.0,113.0,2020.0,6.0,0.0,0.0,27.0,0.0,0.0,40.0,39.0,1.0,0.0,39.0
John Reid,CB,70.0,187.0,4.49,36.5,20.0,129.0,6.95,3.97,1.0,141.0,2020.0,8.0,1.0,1.0,26.0,1.0,2.5,37.0,30.5,2.0,1.0,61.0
Amik Robertson,CB,68.0,187.0,0.0,0.0,0.0,0.0,0.0,0.0,1.0,139.0,2020.0,16.0,1.0,1.0,44.0,3.0,8.0,60.0,19.4,5.0,2.0,97.0
James Pierre,CB,72.0,183.0,4.59,33.5,0.0,123.0,7.02,0.0,0.0,0.0,2020.0,4.0,0.0,0.0,30.0,0.0,4.5,43.0,11.0,3.0,0.0,33.0
Kindle Vildor,CB,70.0,191.0,4.44,39.5,22.0,133.0,7.14,4.28,1.0,163.0,2020.0,6.0,0.0,0.0,23.0,0.0,3.0,27.0,0.0,2.0,0.0,0.0
A.J. Terrell,CB,73.0,195.0,4.42,34.5,15.0,129.0,0.0,0.0,1.0,16.0,2020.0,3.0,2.0,0.5,24.0,0.0,0.5,34.0,32.5,2.0,0.0,65.0
Reggie Robinson II,CB,73.0,205.0,4.44,36.0,22.0,132.0,7.09,4.18,1.0,123.0,2020.0,13.0,0.0,0.0,26.0,0.0,1.0,38.0,9.3,3.0,0.0,28.0
Lamar Jackson,CB,74.0,208.0,4.58,36.5,10.0,122.0,0.0,0.0,0.0,0.0,2020.0,12.0,1.0,1.0,26.0,0.0,3.0,35.0,4.0,3.0,0.0,12.0
Bryce Hall,CB,73.0,202.0,0.0,0.0,11.0,0.0,0.0,0.0,1.0,158.0,2020.0,4.0,0.0,1.0,13.0,0.0,3.0,20.0,0.0,0.0,0.0,0.0
Jeff Gladney,CB,70.0,191.0,4.48,37.5,17.0,124.0,7.26,0.0,1.0,31.0,2020.0,14.0,0.0,0.5,24.0,0.0,1.5,31.0,0.0,1.0,0.0,0.0
Harrison Hand,CB,71.0,197.0,4.52,41.0,14.0,133.0,7.15,4.27,1.0,169.0,2020.0,5.0,0.0,0.0,43.0,0.0,4.0,59.0,2.7,3.0,0.0,8.0
Darren Hall,CB,71.0,188.0,4.47,38.5,16.0,132.0,7.07,4.28,1.0,108.0,2021.0,6.0,0.0,0.0,30.0,1.0,2.0,37.0,24.0,3.0,1.0,72.0
Mark Gilbert,CB,72.0,186.0,4.47,36.0,13.0,130.0,7.05,4.37,0.0,0.0,2021.0,0.0,0.0,0.0,7.0,0.0,0.0,8.0,0.0,1.0,0.0,0.0
Dicaprio Bootle,CB,69.0,180.0,4.38,36.5,16.0,126.0,6.77,4.03,0.0,0.0,2021.0,5.0,1.0,0.0,16.0,0.0,0.5,25.0,2.0,1.0,0.0,2.0
Kimere Brown,CB,71.0,175.0,4.57,32.5,0.0,124.0,7.37,4.32,0.0,0.0,2021.0,2.0,0.0,0.0,2.0,0.0,0.0,2.0,0.0,0.0,0.0,0.0
Shakur Brown,CB,69.0,185.0,4.61,35.5,17.0,116.0,7.08,4.23,0.0,0.0,2021.0,4.0,1.0,0.0,19.0,0.0,0.0,25.0,21.4,5.0,0.0,107.0
Paulson Adebo,CB,73.0,198.0,4.45,36.5,18.0,121.0,6.69,4.13,1.0,76.0,2021.0,10.0,0.0,0.0,23.0,0.0,0.0,33.0,1.0,4.0,0.0,4.0
Tre Brown,CB,69.0,185.0,4.42,38.0,13.0,123.0,7.11,4.27,1.0,137.0,2021.0,6.0,0.0,0.0,25.0,0.0,1.0,31.0,0.0,3.0,0.0,0.0
Mallory Claybourne,CB,69.0,191.0,4.57,33.0,12.0,116.0,7.37,4.32,0.0,0.0,2021.0,2.0,0.0,0.0,31.0,0.0,2.0,45.0,35.0,1.0,0.0,35.0
Camryn Bynum,CB,72.0,196.0,4.58,34.0,0.0,129.0,6.99,4.1,1.0,125.0,2021.0,2.0,0.0,0.0,14.0,0.0,2.0,19.0,20.0,1.0,0.0,20.0
Montre Hartage,CB,71.0,190.0,4.68,34.5,9.0,123.0,6.95,4.08,0.0,0.0,2019.0,13.0,0.0,0.0,40.0,0.0,2.0,51.0,8.5,2.0,0.0,17.0
Mark Fields,CB,70.0,192.0,4.37,0.0,18.0,0.0,0.0,0.0,0.0,0.0,2019.0,3.0,0.0,0.0,6.0,0.0,0.0,7.0,0.0,0.0,0.0,0.0
Justin Layne,CB,74.0,192.0,4.5,37.5,0.0,134.0,6.9,4.09,1.0,83.0,2019.0,11.0,1.0,0.0,38.0,0.0,1.0,62.0,6.0,1.0,0.0,6.0
Julian Love,CB,71.0,195.0,4.54,36.0,14.0,121.0,6.72,4.1,1.0,108.0,2019.0,16.0,0.0,0.0,44.0,1.0,1.0,58.0,4.0,1.0,0.0,4.0
Lonnie Johnson,CB,74.0,213.0,4.52,38.0,15.0,129.0,7.01,4.1,1.0,54.0,2019.0,3.0,0.0,0.0,14.0,0.0,0.0,19.0,24.0,1.0,0.0,24.0
Alijah Holder,CB,73.0,191.0,4.6,36.0,9.0,121.0,6.7,4.15,0.0,0.0,2019.0,9.0,0.0,0.0,37.0,0.0,2.5,58.0,0.0,0.0,0.0,0.0
Denzel Ward,CB,70.0,183.0,4.32,39.0,16.0,136.0,0.0,0.0,1.0,4.0,2018.0,15.0,0.0,0.0,30.0,0.0,2.0,37.0,0.0,1.0,0.0,0.0
Kevin Toliver,CB,75.0,204.0,0.0,33.0,10.0,120.0,0.0,0.0,0.0,0.0,2018.0,10.0,0.0,1.0,14.0,0.0,2.0,27.0,0.0,1.0,0.0,0.0
M.J. Stewart,CB,71.0,200.0,4.54,35.0,18.0,118.0,6.9,4.28,1.0,53.0,2018.0,12.0,2.0,2.0,33.0,0.0,5.0,45.0,0.0,0.0,0.0,0.0
Greg Stroman,CB,72.0,180.0,4.48,33.5,16.0,113.0,0.0,4.45,1.0,241.0,2018.0,11.0,0.0,0.0,14.0,3.0,0.0,20.0,11.8,4.0,1.0,47.0
Chandon Sullivan,CB,71.0,195.0,4.6,40.5,15.0,134.0,0.0,4.36,0.0,0.0,2018.0,5.0,0.0,0.0,41.0,0.0,1.0,46.0,0.0,1.0,0.0,0.0
Blace Brown,CB,72.0,194.0,4.75,0.0,14.0,126.0,7.33,4.22,0.0,0.0,2019.0,6.0,0.0,0.0,21.0,0.0,1.5,35.0,0.0,1.0,0.0,0.0
Xavier Crawford,CB,71.0,187.0,4.48,37.5,11.0,0.0,0.0,0.0,1.0,195.0,2019.0,12.0,0.0,0.0,18.0,0.0,3.0,24.0,0.0,1.0,0.0,0.0
Derrick Baity,CB,74.0,197.0,0.0,38.5,10.0,127.0,7.06,4.31,0.0,0.0,2019.0,7.0,1.0,0.0,27.0,0.0,2.5,38.0,0.0,1.0,0.0,0.0
Kristian Fulton,CB,72.0,197.0,4.46,35.5,0.0,123.0,6.94,4.36,1.0,61.0,2020.0,14.0,0.0,0.0,28.0,0.0,1.0,38.0,0.0,1.0,0.0,0.0
Damon Arnette,CB,72.0,195.0,4.56,0.0,0.0,0.0,0.0,0.0,1.0,19.0,2020.0,8.0,0.0,0.0,27.0,1.0,1.0,35.0,96.0,1.0,1.0,96.0
Rock Ya-Sin,CB,72.0,192.0,4.51,39.5,18.0,120.0,7.31,4.31,1.0,34.0,2019.0,12.0,0.0,0.0,36.0,0.0,2.0,47.0,0.0,2.0,0.0,0.0
Grayland Arnold,CB,69.0,186.0,4.59,33.0,12.0,120.0,7.01,4.3,0.0,0.0,2020.0,2.0,0.0,1.0,33.0,1.0,2.5,46.0,23.6,5.0,0.0,118.0
Cameron Dantzler,CB,74.0,188.0,4.64,34.5,0.0,0.0,0.0,0.0,1.0,89.0,2020.0,8.0,0.0,0.5,31.0,0.0,2.0,40.0,0.0,2.0,0.0,0.0
Kendall Sheffield,CB,71.0,193.0,0.0,0.0,0.0,0.0,0.0,0.0,1.0,111.0,2019.0,8.0,0.0,0.0,27.0,0.0,2.0,35.0,0.0,2.0,0.0,0.0
Jamal Peters,CB,74.0,218.0,4.63,0.0,0.0,0.0,0.0,0.0,0.0,0.0,2019.0,4.0,0.0,0.0,24.0,0.0,1.0,33.0,0.0,0.0,0.0,0.0
Trayvon Mullen,CB,73.0,199.0,4.46,34.5,0.0,123.0,0.0,0.0,1.0,40.0,2019.0,3.0,0.0,1.0,24.0,0.0,3.0,30.0,46.0,1.0,0.0,46.0
Amani Oruwariye,CB,74.0,205.0,4.47,36.5,17.0,120.0,6.82,4.16,1.0,146.0,2019.0,11.0,0.0,0.0,39.0,0.0,1.0,50.0,0.0,3.0,0.0,0.0
Joejuan Williams,CB,76.0,211.0,4.64,0.0,17.0,0.0,0.0,0.0,1.0,45.0,2019.0,13.0,0.0,0.0,48.0,0.0,2.0,61.0,2.0,4.0,0.0,8.0
Saivion Smith,CB,73.0,199.0,0.0,33.0,11.0,121.0,7.09,4.37,0.0,0.0,2019.0,3.0,0.0,0.0,32.0,1.0,0.5,54.0,23.7,3.0,1.0,71.0
Damarion Williams,CB,70.0,182.0,0.0,34.5,17.0,118.0,0.0,0.0,1.0,141.0,2022.0,9.0,1.0,0.0,53.0,0.0,3.0,63.0,0.0,1.0,0.0,0.0
Tariq Woolen,CB,76.0,205.0,4.26,42.0,0.0,0.0,0.0,0.0,1.0,153.0,2022.0,5.0,1.0,0.0,17.0,0.0,2.5,25.0,0.0,1.0,0.0,0.0
Chris Steele,CB,72.0,187.0,4.48,37.5,0.0,126.0,0.0,0.0,0.0,0.0,2022.0,3.0,0.0,1.0,19.0,0.0,2.0,33.0,0.0,2.0,0.0,0.0
Derek Stingley,CB,72.0,190.0,0.0,0.0,0.0,0.0,0.0,0.0,1.0,3.0,2022.0,0.0,0.0,0.0,6.0,0.0,3.5,8.0,0.0,0.0,0.0,0.0
Isaac Taylor-Stuart,CB,74.0,201.0,4.42,0.0,0.0,123.0,0.0,0.0,0.0,0.0,2022.0,3.0,0.0,0.0,25.0,0.0,0.0,39.0,0.0,1.0,0.0,0.0
Mykael Wright,CB,71.0,173.0,4.57,0.0,0.0,0.0,0.0,0.0,0.0,0.0,2022.0,4.0,0.0,0.0,46.0,0.0,4.0,65.0,0.0,1.0,0.0,0.0
Cameron Brown,CB,72.0,199.0,0.0,0.0,0.0,0.0,0.0,0.0,0.0,0.0,2023.0,4.0,0.0,0.0,9.0,0.0,0.5,11.0,0.0,0.0,0.0,0.0
Arquon Bush,CB,72.0,187.0,4.54,33.5,0.0,115.0,0.0,0.0,0.0,0.0,2023.0,5.0,0.0,0.0,27.0,0.0,0.0,34.0,7.5,2.0,0.0,15.0
Julius Brents,CB,75.0,198.0,4.53,41.5,0.0,138.0,6.63,4.05,1.0,44.0,2023.0,5.0,0.0,0.0,23.0,0.0,3.5,40.0,0.0,4.0,0.0,0.0
Lance Boykin,CB,74.0,200.0,0.0,0.0,13.0,124.0,0.0,0.0,0.0,0.0,2023.0,7.0,0.0,1.0,31.0,0.0,1.5,46.0,0.0,2.0,0.0,0.0
Marcus Jones,CB,68.0,174.0,0.0,0.0,0.0,0.0,0.0,0.0,1.0,85.0,2022.0,13.0,0.0,0.0,36.0,4.0,1.0,47.0,0.4,5.0,0.0,2.0
Mario Goodrich,CB,72.0,176.0,4.52,0.0,0.0,0.0,0.0,0.0,0.0,0.0,2022.0,9.0,1.0,0.0,26.0,1.0,0.0,42.0,10.0,2.0,1.0,20.0
Roger McCreary,CB,71.0,190.0,4.5,0.0,0.0,0.0,0.0,0.0,1.0,35.0,2022.0,14.0,0.0,1.0,41.0,1.0,2.0,49.0,17.5,2.0,1.0,35.0
Cam Smith,CB,73.0,180.0,4.43,38.0,0.0,134.0,0.0,0.0,1.0,51.0,2023.0,4.0,0.0,0.0,18.0,0.0,2.5,26.0,6.0,1.0,0.0,6.0
Tyrique Stevenson,CB,72.0,198.0,4.45,38.5,0.0,125.0,7.09,4.41,1.0,56.0,2023.0,7.0,0.0,0.0,18.0,0.0,1.5,25.0,0.0,1.0,0.0,0.0
Cory Trice,CB,75.0,206.0,4.47,35.5,17.0,132.0,0.0,0.0,1.0,241.0,2023.0,9.0,0.0,0.0,27.0,1.0,2.0,31.0,4.0,2.0,1.0,8.0
Tre'Vius Hodges-Tomlinson,CB,68.0,178.0,4.41,39.0,12.0,132.0,0.0,0.0,1.0,182.0,2023.0,11.0,0.0,0.0,33.0,0.0,2.0,40.0,6.7,3.0,0.0,20.0
Clark Phillips III,CB,69.0,184.0,4.51,33.0,18.0,0.0,0.0,4.32,1.0,113.0,2023.0,6.0,0.0,1.0,15.0,2.0,2.0,23.0,23.7,6.0,2.0,142.0
Emmanuel Forbes,CB,73.0,166.0,4.35,37.5,0.0,131.0,0.0,0.0,1.0,16.0,2023.0,10.0,0.0,0.0,20.0,3.0,1.0,39.0,29.0,6.0,3.0,174.0
Mekhi Garner,CB,74.0,212.0,4.55,38.0,0.0,128.0,0.0,0.0,0.0,0.0,2023.0,4.0,1.0,0.0,26.0,0.0,1.5,42.0,0.0,0.0,0.0,0.0
Kyu Blu Kelly,CB,72.0,191.0,4.52,36.0,0.0,131.0,0.0,0.0,0.0,0.0,2023.0,6.0,0.0,0.0,25.0,0.0,0.0,34.0,0.0,0.0,0.0,0.0
Joey Porter Jr.,CB,75.0,193.0,4.46,35.0,17.0,129.0,0.0,0.0,1.0,32.0,2023.0,8.0,1.0,0.0,21.0,0.0,0.0,27.0,0.0,0.0,0.0,0.0
Jaylon Jones,CB,74.0,200.0,4.57,38.0,14.0,122.0,6.88,4.3,1.0,221.0,2023.0,2.0,0.0,0.0,27.0,0.0,0.0,33.0,0.0,0.0,0.0,0.0
Nic Jones,CB,72.0,189.0,4.51,34.5,0.0,122.0,0.0,4.34,1.0,250.0,2023.0,12.0,0.0,0.0,15.0,0.0,0.0,22.0,6.0,2.0,0.0,12.0
Darrell Luter Jr.,CB,72.0,189.0,4.46,40.5,0.0,123.0,6.9,4.43,1.0,155.0,2023.0,5.0,1.0,0.0,25.0,0.0,0.5,37.0,21.0,1.0,0.0,21.0
Ahmad Gardner,CB,75.0,190.0,4.41,0.0,0.0,0.0,0.0,0.0,1.0,4.0,2022.0,4.0,1.0,3.0,28.0,1.0,5.0,40.0,2.3,3.0,0.0,7.0
Thomas Graham Jr.,CB,70.0,192.0,4.49,34.5,13.0,121.0,7.08,4.21,0.0,0.0,2021.0,10.0,0.0,0.0,47.0,0.0,5.0,64.0,13.0,2.0,0.0,26.0
Cameron Kinley,CB,72.0,197.0,4.52,33.0,10.0,116.0,7.06,4.25,0.0,0.0,2021.0,5.0,0.0,0.0,19.0,0.0,1.0,26.0,4.0,1.0,0.0,4.0
Deommodore Lenoir,CB,70.0,199.0,4.48,34.5,15.0,121.0,7.02,4.35,1.0,172.0,2021.0,0.0,0.0,0.0,24.0,0.0,0.0,30.0,24.0,1.0,0.0,24.0
Kalon Barnes,CB,72.0,183.0,4.23,0.0,0.0,0.0,0.0,0.0,1.0,242.0,2022.0,5.0,0.0,0.0,21.0,0.0,0.0,23.0,0.0,1.0,0.0,0.0
Andrew Booth,CB,72.0,194.0,0.0,0.0,0.0,0.0,0.0,0.0,1.0,42.0,2022.0,5.0,0.0,0.0,26.0,0.0,3.0,37.0,0.0,3.0,0.0,0.0
Rachad Wildgoose,CB,71.0,197.0,4.53,36.0,11.0,120.0,7.09,4.18,1.0,213.0,2021.0,1.0,0.0,0.0,6.0,0.0,2.0,6.0,0.0,0.0,0.0,0.0
Rodarius Williams,CB,71.0,189.0,4.5,36.5,14.0,123.0,6.98,4.15,1.0,201.0,2021.0,7.0,0.0,0.0,13.0,0.0,1.0,18.0,0.0,0.0,0.0,0.0
Coby Bryant,CB,73.0,193.0,4.54,0.0,17.0,0.0,0.0,0.0,1.0,109.0,2022.0,11.0,0.0,0.0,34.0,1.0,1.5,44.0,31.7,3.0,1.0,95.0
Kaiir Elam,CB,74.0,191.0,4.39,0.0,0.0,0.0,0.0,0.0,1.0,23.0,2022.0,5.0,0.0,0.0,17.0,0.0,1.5,29.0,0.0,1.0,0.0,0.0
Martin Emerson,CB,74.0,201.0,4.53,0.0,0.0,0.0,0.0,0.0,1.0,68.0,2022.0,3.0,0.0,0.0,31.0,0.0,3.0,49.0,0.0,0.0,0.0,0.0
Cordale Flott,CB,73.0,175.0,0.0,0.0,0.0,0.0,0.0,0.0,1.0,81.0,2022.0,3.0,0.0,0.0,28.0,0.0,1.0,40.0,0.0,1.0,0.0,0.0
Tariq Castro-Fields,CB,73.0,197.0,4.38,0.0,0.0,0.0,0.0,0.0,1.0,221.0,2022.0,7.0,0.0,0.0,26.0,0.0,0.0,33.0,0.0,0.0,0.0,0.0
Corey Straughter,CB,70.0,184.0,4.62,35.0,11.0,117.0,7.37,4.58,0.0,0.0,2021.0,1.0,0.0,0.0,3.0,0.0,0.0,4.0,0.0,0.0,0.0,0.0
Shaun Wade,CB,72.0,196.0,0.0,0.0,0.0,0.0,0.0,0.0,1.0,160.0,2021.0,4.0,0.0,0.0,23.0,1.0,1.0,34.0,18.0,2.0,1.0,36.0
Adrian Bushell,CB,69.0,186.0,4.58,33.0,17.0,116.0,6.92,4.25,0.0,0.0,2013.0,0.0,0.0,0.0,0.0,0.0,0.0,0.0,0.0,1.0,0.0,0.0
Sanders Commings,CB,72.0,216.0,4.41,34.5,0.0,117.0,7.1,4.3,1.0,134.0,2013.0,0.0,0.0,0.0,0.0,0.0,0.0,0.0,0.0,3.0,0.0,0.0
David Amerson,CB,73.0,205.0,4.44,35.5,15.0,127.0,0.0,0.0,1.0,51.0,2013.0,0.0,0.0,0.0,0.0,0.0,0.0,0.0,16.4,5.0,1.0,82.0
Trevin Wade,CB,70.0,192.0,4.52,34.5,18.0,116.0,6.87,4.0,1.0,245.0,2012.0,0.0,0.0,0.0,0.0,0.0,0.0,0.0,0.0,2.0,0.0,0.0
Johnny Adams,CB,70.0,185.0,4.48,0.0,16.0,0.0,0.0,0.0,0.0,0.0,2013.0,0.0,0.0,0.0,0.0,0.0,0.0,0.0,3.7,3.0,0.0,11.0
Micah Hyde,CB,72.0,197.0,4.56,33.0,12.0,121.0,6.78,4.2,1.0,159.0,2013.0,0.0,0.0,0.0,0.0,0.0,0.0,0.0,0.0,1.0,0.0,0.0
Dwayne Gratz,CB,71.0,201.0,4.47,38.0,22.0,125.0,6.7,4.15,1.0,64.0,2013.0,0.0,0.0,0.0,0.0,0.0,0.0,0.0,12.3,3.0,1.0,37.0
Janoris Jenkins,CB,70.0,193.0,4.41,33.5,0.0,121.0,6.95,4.13,1.0,39.0,2012.0,0.0,0.0,0.0,0.0,0.0,0.0,0.0,22.7,3.0,1.0,68.0
D'Anton Lynn,CB,72.0,206.0,4.71,31.5,17.0,111.0,0.0,0.0,0.0,0.0,2012.0,0.0,0.0,0.0,0.0,0.0,0.0,0.0,0.0,1.0,0.0,0.0
Jayron Hosley,CB,70.0,178.0,4.38,0.0,11.0,0.0,0.0,0.0,1.0,94.0,2012.0,0.0,0.0,0.0,0.0,0.0,0.0,0.0,18.7,3.0,0.0,56.0
Cliff Harris,CB,71.0,175.0,4.61,36.0,14.0,118.0,6.79,4.19,0.0,0.0,2012.0,0.0,0.0,0.0,0.0,0.0,0.0,0.0,50.0,1.0,0.0,50.0
Coty Sensabaugh,CB,71.0,189.0,4.33,37.0,15.0,122.0,6.6,4.06,1.0,115.0,2012.0,0.0,0.0,0.0,0.0,0.0,0.0,0.0,0.0,1.0,0.0,0.0
Chaz Powell,CB,72.0,203.0,4.42,33.0,17.0,121.0,6.84,4.16,0.0,0.0,2012.0,0.0,0.0,0.0,0.0,0.0,0.0,0.0,13.0,2.0,0.0,26.0
Chase Minnifield,CB,70.0,183.0,4.63,0.0,7.0,0.0,0.0,0.0,0.0,0.0,2012.0,0.0,0.0,0.0,0.0,0.0,0.0,0.0,18.0,3.0,1.0,54.0
Ross Cockrell,CB,72.0,191.0,4.56,36.5,10.0,122.0,7.28,4.32,1.0,109.0,2014.0,0.0,0.0,0.0,0.0,0.0,0.0,0.0,6.3,3.0,0.0,19.0
Darqueze Dennard,CB,71.0,199.0,4.52,0.0,15.0,0.0,0.0,0.0,1.0,24.0,2014.0,0.0,0.0,0.0,0.0,0.0,0.0,0.0,9.5,4.0,0.0,38.0
Kyle Fuller,CB,72.0,190.0,4.49,38.5,12.0,128.0,6.9,4.19,1.0,14.0,2014.0,0.0,0.0,0.0,0.0,0.0,0.0,0.0,4.0,2.0,0.0,8.0
Ricardo Allen,CB,69.0,187.0,4.61,35.5,13.0,117.0,0.0,4.15,1.0,147.0,2014.0,0.0,0.0,0.0,0.0,0.0,0.0,0.0,7.0,6.0,0.0,42.0
Bennett Jackson,CB,72.0,195.0,4.51,38.0,13.0,128.0,6.75,4.0,1.0,187.0,2014.0,0.0,0.0,0.0,0.0,0.0,0.0,0.0,17.0,2.0,1.0,34.0
Stanley Jean-Baptiste,CB,75.0,218.0,4.61,41.5,13.0,128.0,0.0,4.33,1.0,58.0,2014.0,0.0,0.0,0.0,0.0,0.0,0.0,0.0,33.5,4.0,1.0,134.0
Dontae Johnson,CB,74.0,200.0,4.41,38.5,12.0,124.0,6.82,4.24,1.0,129.0,2014.0,0.0,0.0,0.0,0.0,0.0,0.0,0.0,7.0,3.0,0.0,21.0
Nevin Lawson,CB,69.0,190.0,4.48,33.0,16.0,120.0,7.12,4.4,1.0,133.0,2014.0,0.0,0.0,0.0,0.0,0.0,0.0,0.0,16.3,4.0,1.0,65.0
Phillip Gaines,CB,72.0,193.0,4.38,36.5,11.0,122.0,6.62,4.04,1.0,87.0,2014.0,0.0,0.0,0.0,0.0,0.0,0.0,0.0,0.5,4.0,0.0,2.0
Demetri Goodson,CB,71.0,194.0,4.52,37.0,11.0,123.0,6.8,4.34,1.0,197.0,2014.0,0.0,0.0,0.0,0.0,0.0,0.0,0.0,21.0,3.0,0.0,63.0
Victor Hampton,CB,69.0,197.0,4.69,33.5,20.0,118.0,7.01,4.2,0.0,0.0,2014.0,0.0,0.0,0.0,0.0,0.0,0.0,0.0,8.7,3.0,0.0,26.0
Tharold Simon,CB,74.0,202.0,4.51,34.0,9.0,128.0,0.0,0.0,1.0,138.0,2013.0,0.0,0.0,0.0,0.0,0.0,0.0,0.0,10.8,4.0,0.0,43.0
Jordan Poyer,CB,72.0,191.0,4.54,30.5,8.0,118.0,6.87,4.18,1.0,218.0,2013.0,0.0,0.0,0.0,0.0,0.0,0.0,0.0,17.4,7.0,1.0,122.0
Greg Reid,CB,68.0,190.0,4.46,0.0,10.0,0.0,0.0,0.0,0.0,0.0,2013.0,0.0,0.0,0.0,0.0,0.0,0.0,0.0,6.0,2.0,0.0,12.0
Tyrann Mathieu,CB,69.0,186.0,4.5,34.0,4.0,117.0,6.87,4.14,1.0,69.0,2013.0,0.0,0.0,0.0,0.0,0.0,0.0,0.0,8.0,2.0,0.0,16.0
Kayvon Webster,CB,70.0,195.0,4.41,35.0,14.0,125.0,0.0,0.0,1.0,90.0,2013.0,0.0,0.0,0.0,0.0,0.0,0.0,0.0,0.0,0.0,0.0,0.0
Blidi Wreh-Wilson,CB,73.0,195.0,4.53,36.0,14.0,128.0,6.97,4.12,1.0,70.0,2013.0,0.0,0.0,0.0,0.0,0.0,0.0,0.0,0.0,1.0,0.0,0.0
Rod Sweeting,CB,71.0,189.0,4.42,37.0,11.0,124.0,0.0,0.0,0.0,0.0,2013.0,0.0,0.0,0.0,0.0,0.0,0.0,0.0,21.0,1.0,0.0,21.0
Desmond Trufant,CB,72.0,190.0,4.38,37.5,16.0,125.0,0.0,3.85,1.0,22.0,2013.0,0.0,0.0,0.0,0.0,0.0,0.0,0.0,0.0,1.0,0.0,0.0
Jamar Taylor,CB,71.0,192.0,4.39,35.0,22.0,127.0,6.82,4.06,1.0,54.0,2013.0,0.0,0.0,0.0,0.0,0.0,0.0,0.0,13.5,4.0,0.0,54.0
Stephon Gilmore,CB,72.0,190.0,4.38,36.0,15.0,123.0,6.61,3.94,1.0,10.0,2012.0,0.0,0.0,0.0,0.0,0.0,0.0,0.0,0.0,4.0,0.0,0.0
Patrick Robinson,CB,71.0,190.0,4.46,39.0,15.0,122.0,6.78,0.0,1.0,32.0,2010.0,0.0,0.0,0.0,0.0,0.0,0.0,0.0,0.0,0.0,0.0,0.0
Sherrick McManis,CB,71.0,195.0,4.48,0.0,0.0,0.0,0.0,0.0,1.0,144.0,2010.0,0.0,0.0,0.0,0.0,0.0,0.0,0.0,0.0,5.0,0.0,0.0
Jerome Murphy,CB,72.0,196.0,4.5,38.0,16.0,127.0,6.87,4.05,1.0,65.0,2010.0,0.0,0.0,0.0,0.0,0.0,0.0,0.0,14.8,4.0,0.0,59.0
David Pender,CB,72.0,180.0,4.37,39.0,8.0,124.0,0.0,0.0,0.0,0.0,2010.0,0.0,0.0,0.0,0.0,0.0,0.0,0.0,0.0,1.0,0.0,0.0
Chykie Brown,CB,71.0,190.0,4.49,36.5,0.0,120.0,6.5,4.0,1.0,164.0,2011.0,0.0,0.0,0.0,0.0,0.0,0.0,0.0,7.5,2.0,0.0,15.0
Jalil Brown,CB,73.0,204.0,4.52,35.5,24.0,116.0,6.85,4.25,1.0,118.0,2011.0,0.0,0.0,0.0,0.0,0.0,0.0,0.0,0.0,3.0,0.0,0.0
Kendric Burney,CB,69.0,186.0,4.71,32.5,14.0,112.0,0.0,0.0,0.0,0.0,2011.0,0.0,0.0,0.0,0.0,0.0,0.0,0.0,5.5,2.0,0.0,11.0
Mario Butler,CB,72.0,182.0,4.65,30.5,0.0,120.0,7.09,4.37,0.0,0.0,2011.0,0.0,0.0,0.0,0.0,0.0,0.0,0.0,85.0,1.0,1.0,85.0
Prince Amukamara,CB,72.0,206.0,4.38,38.0,15.0,128.0,6.97,4.08,1.0,19.0,2011.0,0.0,0.0,0.0,0.0,0.0,0.0,0.0,12.6,5.0,0.0,63.0
Alterraun Verner,CB,70.0,189.0,4.52,32.0,11.0,116.0,6.7,4.12,1.0,104.0,2010.0,0.0,0.0,0.0,0.0,0.0,0.0,0.0,31.6,5.0,1.0,158.0
Walter Thurmond,CB,71.0,189.0,4.53,0.0,0.0,0.0,0.0,0.0,1.0,111.0,2010.0,0.0,0.0,0.0,0.0,0.0,0.0,0.0,18.0,1.0,1.0,18.0
Stephan Virgil,CB,71.0,183.0,4.69,34.0,12.0,113.0,7.11,4.35,0.0,0.0,2010.0,0.0,0.0,0.0,0.0,0.0,0.0,0.0,6.0,1.0,0.0,6.0
Chris Cook,CB,74.0,212.0,4.45,38.0,7.0,132.0,6.88,4.23,1.0,34.0,2010.0,0.0,0.0,0.0,0.0,0.0,0.0,0.0,16.5,4.0,1.0,66.0
Chris Chancellor,CB,69.0,177.0,4.49,34.0,14.0,115.0,6.85,4.07,0.0,0.0,2010.0,0.0,0.0,0.0,0.0,0.0,0.0,0.0,37.0,1.0,0.0,37.0
Crezdon Butler,CB,72.0,191.0,4.43,39.5,17.0,121.0,7.08,4.23,1.0,164.0,2010.0,0.0,0.0,0.0,0.0,0.0,0.0,0.0,47.0,1.0,0.0,47.0
Trevard Lindley,CB,71.0,183.0,4.51,38.5,9.0,116.0,6.81,4.27,1.0,105.0,2010.0,0.0,0.0,0.0,0.0,0.0,0.0,0.0,25.0,1.0,1.0,25.0
Brandon Ghee,CB,72.0,192.0,4.37,37.0,15.0,127.0,6.75,4.07,1.0,96.0,2010.0,0.0,0.0,0.0,0.0,0.0,0.0,0.0,0.0,1.0,0.0,0.0
Marshay Green,CB,69.0,180.0,4.52,35.5,0.0,124.0,6.66,4.11,0.0,0.0,2010.0,0.0,0.0,0.0,0.0,0.0,0.0,0.0,0.0,0.0,0.0,0.0
Joe Haden,CB,71.0,193.0,4.52,35.0,18.0,125.0,6.94,4.34,1.0,7.0,2010.0,0.0,0.0,0.0,0.0,0.0,0.0,0.0,5.0,4.0,0.0,20.0
Brandyn Thompson,CB,69.0,189.0,4.5,33.5,13.0,114.0,6.66,4.12,1.0,213.0,2011.0,0.0,0.0,0.0,0.0,0.0,0.0,0.0,6.7,3.0,0.0,20.0
Shareece Wright,CB,71.0,185.0,4.41,34.5,16.0,113.0,0.0,0.0,1.0,89.0,2011.0,0.0,0.0,0.0,0.0,0.0,0.0,0.0,0.0,1.0,0.0,0.0
Richard Sherman,CB,75.0,195.0,4.54,38.0,16.0,125.0,6.82,4.33,1.0,154.0,2011.0,0.0,0.0,0.0,0.0,0.0,0.0,0.0,9.8,4.0,0.0,39.0
Jimmy Smith,CB,74.0,211.0,4.42,36.0,24.0,123.0,6.93,4.06,1.0,27.0,2011.0,0.0,0.0,0.0,0.0,0.0,0.0,0.0,5.0,2.0,0.0,10.0
Morris Claiborne,CB,71.0,188.0,4.5,34.5,0.0,118.0,7.01,4.12,1.0,6.0,2012.0,0.0,0.0,0.0,0.0,0.0,0.0,0.0,28.8,6.0,1.0,173.0
Alfonzo Dennard,CB,70.0,204.0,4.48,37.0,0.0,121.0,0.0,0.0,1.0,224.0,2012.0,0.0,0.0,0.0,0.0,0.0,0.0,0.0,7.8,4.0,1.0,31.0
Robert Blanton,CB,73.0,208.0,4.66,34.0,12.0,116.0,6.71,3.97,1.0,139.0,2012.0,0.0,0.0,0.0,0.0,0.0,0.0,0.0,41.0,2.0,0.0,82.0
Omar Bolden,CB,70.0,202.0,4.51,0.0,24.0,0.0,0.0,0.0,1.0,101.0,2012.0,0.0,0.0,0.0,0.0,0.0,0.0,0.0,28.3,3.0,1.0,85.0
Brandon Boykin,CB,69.0,182.0,4.44,0.0,0.0,0.0,0.0,0.0,1.0,123.0,2012.0,0.0,0.0,0.0,0.0,0.0,0.0,0.0,0.0,3.0,0.0,0.0
Ron Brooks,CB,70.0,190.0,4.37,38.0,12.0,120.0,0.0,0.0,1.0,124.0,2012.0,0.0,0.0,0.0,0.0,0.0,0.0,0.0,37.0,2.0,2.0,74.0
Marcus Gilchrist,CB,70.0,195.0,4.45,38.5,26.0,119.0,6.81,4.12,1.0,50.0,2011.0,0.0,0.0,0.0,0.0,0.0,0.0,0.0,0.0,1.0,0.0,0.0
Vance Cuff,CB,70.0,178.0,4.53,36.0,0.0,120.0,6.91,4.09,0.0,0.0,2011.0,0.0,0.0,0.0,0.0,0.0,0.0,0.0,30.0,1.0,1.0,30.0
Ras-I Dowling,CB,73.0,198.0,4.4,0.0,19.0,0.0,0.0,0.0,1.0,33.0,2011.0,0.0,0.0,0.0,0.0,0.0,0.0,0.0,23.3,3.0,0.0,70.0
Patrick Peterson,CB,72.0,219.0,4.31,38.0,15.0,126.0,6.58,4.07,1.0,5.0,2011.0,0.0,0.0,0.0,0.0,0.0,0.0,0.0,33.5,4.0,0.0,134.0
Johnny Patrick,CB,71.0,191.0,4.59,32.0,13.0,110.0,0.0,4.16,1.0,88.0,2011.0,0.0,0.0,0.0,0.0,0.0,0.0,0.0,19.8,5.0,1.0,99.0
Andrew McGee,CB,71.0,195.0,4.71,34.0,0.0,117.0,0.0,0.0,0.0,0.0,2011.0,0.0,0.0,0.0,0.0,0.0,0.0,0.0,18.0,5.0,0.0,90.0
Byron Maxwell,CB,72.0,202.0,4.43,33.0,24.0,124.0,0.0,0.0,1.0,173.0,2011.0,0.0,0.0,0.0,0.0,0.0,0.0,0.0,0.0,2.0,0.0,0.0
Curtis Marsh,CB,72.0,197.0,4.42,37.5,12.0,123.0,6.87,4.07,1.0,90.0,2011.0,0.0,0.0,0.0,0.0,0.0,0.0,0.0,0.0,2.0,0.0,0.0
Jourdan Lewis,CB,70.0,188.0,4.54,34.5,15.0,121.0,0.0,0.0,1.0,92.0,2017.0,9.0,0.0,0.0,18.0,0.0,3.5,27.0,0.0,2.0,0.0,0.0
Damontae Kazee,CB,70.0,184.0,4.54,34.0,11.0,124.0,0.0,0.0,1.0,149.0,2017.0,8.0,0.0,0.0,46.0,1.0,3.0,67.0,22.3,7.0,1.0,156.0
Ashton Lampkin,CB,72.0,189.0,4.52,34.5,19.0,120.0,0.0,0.0,0.0,0.0,2017.0,3.0,0.0,0.0,29.0,0.0,0.0,34.0,1.0,1.0,0.0,1.0
Marshon Lattimore,CB,72.0,193.0,4.36,38.5,0.0,132.0,0.0,0.0,1.0,11.0,2017.0,9.0,0.0,0.0,30.0,1.0,1.0,41.0,15.3,4.0,1.0,61.0
Daryl Worley,CB,73.0,204.0,4.64,35.5,14.0,123.0,6.98,4.15,1.0,77.0,2016.0,0.0,0.0,0.0,0.0,0.0,0.0,0.0,0.0,6.0,0.0,0.0
Gareon Conley,CB,72.0,195.0,4.44,37.0,11.0,129.0,6.68,4.18,1.0,24.0,2017.0,8.0,0.0,0.0,21.0,0.0,0.0,26.0,0.0,4.0,0.0,0.0
Treston DeCoud,CB,74.0,206.0,4.62,31.0,11.0,116.0,0.0,0.0,1.0,169.0,2017.0,10.0,0.0,0.0,46.0,0.0,2.0,58.0,44.0,2.0,0.0,88.0
Rasul Douglas,CB,74.0,209.0,4.59,33.5,16.0,120.0,6.97,4.26,1.0,99.0,2017.0,8.0,0.0,1.0,49.0,1.0,3.5,70.0,12.6,8.0,1.0,101.0
Grant Haley,CB,69.0,190.0,4.44,34.0,15.0,119.0,6.51,3.94,0.0,0.0,2018.0,9.0,2.0,2.0,27.0,0.0,3.0,40.0,23.0,2.0,0.0,46.0
Brandon Facyson,CB,74.0,197.0,4.53,0.0,16.0,0.0,0.0,0.0,0.0,0.0,2018.0,5.0,0.0,0.0,14.0,0.0,2.0,19.0,0.0,0.0,0.0,0.0
Taron Johnson,CB,72.0,180.0,4.5,33.0,17.0,118.0,7.03,4.28,1.0,121.0,2018.0,0.0,0.0,0.0,2.0,0.0,0.0,3.0,0.0,0.0,0.0,0.0
Parry Nickerson,CB,72.0,180.0,4.32,0.0,15.0,0.0,0.0,0.0,1.0,179.0,2018.0,8.0,0.0,0.0,48.0,0.0,2.0,55.0,1.3,6.0,0.0,8.0
Nick Nelson,CB,71.0,208.0,4.52,0.0,17.0,123.0,0.0,0.0,1.0,110.0,2018.0,17.0,2.0,0.0,21.0,1.0,0.0,30.0,0.0,0.0,0.0,0.0
Jack Tocho,CB,72.0,202.0,4.54,35.0,21.0,125.0,0.0,0.0,1.0,245.0,2017.0,9.0,0.0,1.0,33.0,0.0,2.0,37.0,0.0,2.0,0.0,0.0
TreDavious White,CB,71.0,192.0,4.47,32.0,16.0,119.0,6.9,4.32,1.0,27.0,2017.0,14.0,0.0,0.5,19.0,2.0,4.0,35.0,10.5,2.0,1.0,21.0
Howard Wilson,CB,73.0,184.0,4.57,33.5,0.0,119.0,6.68,3.94,1.0,126.0,2017.0,10.0,0.0,0.0,45.0,1.0,2.5,54.0,11.6,5.0,1.0,58.0
Sojourn Shelton,CB,69.0,177.0,4.51,35.0,10.0,120.0,6.92,4.02,0.0,0.0,2017.0,12.0,1.0,0.0,23.0,0.0,1.0,30.0,12.0,4.0,0.0,48.0
Channing Stribling,CB,73.0,188.0,4.6,31.5,5.0,114.0,6.94,4.56,0.0,0.0,2017.0,12.0,1.0,1.0,21.0,1.0,3.0,29.0,15.0,4.0,1.0,60.0
Cordrea Tankersley,CB,73.0,199.0,4.4,29.5,13.0,121.0,7.0,4.32,1.0,97.0,2017.0,11.0,0.0,0.0,39.0,0.0,6.0,52.0,5.5,4.0,0.0,22.0
Andre Chachere,CB,72.0,200.0,4.49,38.0,13.0,123.0,6.78,4.07,0.0,0.0,2018.0,5.0,0.0,0.0,39.0,0.0,2.0,46.0,28.0,1.0,0.0,28.0
Jaire Alexander,CB,71.0,192.0,4.38,35.0,14.0,127.0,6.71,3.98,1.0,18.0,2018.0,4.0,0.0,0.0,13.0,0.0,1.0,19.0,0.0,1.0,0.0,0.0
Doran Grant,CB,70.0,200.0,4.44,33.0,21.0,116.0,0.0,4.33,1.0,121.0,2015.0,0.0,0.0,0.0,0.0,0.0,0.0,0.0,21.2,5.0,0.0,106.0
Charles Gaines,CB,70.0,180.0,4.44,34.5,0.0,123.0,7.07,4.2,1.0,189.0,2015.0,0.0,0.0,0.0,0.0,0.0,0.0,0.0,6.0,2.0,0.0,12.0
Jalen Collins,CB,73.0,203.0,4.48,36.0,0.0,124.0,6.77,4.27,1.0,42.0,2015.0,0.0,0.0,0.0,0.0,0.0,0.0,0.0,4.0,1.0,0.0,4.0
Ronald Darby,CB,71.0,193.0,4.38,41.5,12.0,129.0,6.94,4.14,1.0,50.0,2015.0,0.0,0.0,0.0,0.0,0.0,0.0,0.0,8.0,2.0,0.0,16.0
Quandre Diggs,CB,69.0,196.0,4.56,35.5,17.0,113.0,7.22,4.15,1.0,200.0,2015.0,0.0,0.0,0.0,0.0,0.0,0.0,0.0,4.7,3.0,0.0,14.0
Lorenzo Doss,CB,70.0,182.0,4.5,33.5,9.0,115.0,7.2,4.26,1.0,164.0,2015.0,0.0,0.0,0.0,0.0,0.0,0.0,0.0,2.3,3.0,0.0,7.0
Steven Nelson,CB,70.0,197.0,4.49,34.5,19.0,115.0,6.88,4.07,1.0,98.0,2015.0,0.0,0.0,0.0,0.0,0.0,0.0,0.0,0.0,2.0,0.0,0.0
Garry Peters,CB,72.0,191.0,4.61,32.5,7.0,119.0,6.8,4.0,0.0,0.0,2015.0,0.0,0.0,0.0,0.0,0.0,0.0,0.0,12.0,1.0,0.0,12.0
Byron Jones,CB,73.0,199.0,4.43,44.5,0.0,147.0,6.78,3.94,1.0,27.0,2015.0,0.0,0.0,0.0,0.0,0.0,0.0,0.0,35.0,2.0,1.0,70.0
Craig Mager,CB,71.0,201.0,4.44,38.0,17.0,130.0,6.83,4.07,1.0,83.0,2015.0,0.0,0.0,0.0,0.0,0.0,0.0,0.0,7.0,3.0,0.0,21.0
Rashaad Reynolds,CB,70.0,189.0,4.51,37.5,20.0,123.0,6.72,4.0,0.0,0.0,2014.0,0.0,0.0,0.0,0.0,0.0,0.0,0.0,11.5,6.0,0.0,69.0
Bradley Roby,CB,71.0,194.0,4.39,38.5,17.0,124.0,0.0,4.04,1.0,31.0,2014.0,0.0,0.0,0.0,0.0,0.0,0.0,0.0,40.0,3.0,1.0,120.0
Jabari Price,CB,71.0,200.0,4.45,0.0,16.0,0.0,7.04,4.3,1.0,225.0,2014.0,0.0,0.0,0.0,0.0,0.0,0.0,0.0,0.0,1.0,0.0,0.0
Alex Carter,CB,72.0,196.0,4.51,40.0,17.0,121.0,7.05,4.07,1.0,80.0,2015.0,0.0,0.0,0.0,0.0,0.0,0.0,0.0,0.0,1.0,0.0,0.0
Donald Celiscar,CB,71.0,194.0,4.62,0.0,0.0,120.0,0.0,0.0,0.0,0.0,2015.0,0.0,0.0,0.0,0.0,0.0,0.0,0.0,0.8,4.0,0.0,3.0
Jason Verrett,CB,69.0,189.0,4.38,39.0,0.0,128.0,6.69,4.0,1.0,25.0,2014.0,0.0,0.0,0.0,0.0,0.0,0.0,0.0,0.0,2.0,0.0,0.0
JaCorey Shepherd,CB,71.0,199.0,4.62,0.0,14.0,0.0,0.0,0.0,1.0,191.0,2015.0,0.0,0.0,0.0,0.0,0.0,0.0,0.0,0.0,3.0,0.0,0.0
Kendall Fuller,CB,71.0,187.0,4.48,0.0,15.0,0.0,0.0,0.0,1.0,84.0,2016.0,0.0,0.0,0.0,0.0,0.0,0.0,0.0,23.5,2.0,1.0,47.0
William Jackson III,CB,72.0,189.0,4.37,0.0,10.0,116.0,0.0,0.0,1.0,24.0,2016.0,0.0,0.0,0.0,0.0,0.0,0.0,0.0,22.0,5.0,2.0,110.0
Cleveland Wallace III,CB,71.0,188.0,4.68,35.5,0.0,123.0,0.0,0.0,0.0,0.0,2016.0,0.0,0.0,0.0,0.0,0.0,0.0,0.0,24.0,3.0,1.0,72.0
Xavien Howard,CB,72.0,201.0,4.58,33.0,11.0,122.0,7.18,4.15,1.0,38.0,2016.0,0.0,0.0,0.0,0.0,0.0,0.0,0.0,14.8,5.0,0.0,74.0
Kevon Seymour,CB,71.0,186.0,4.39,35.0,12.0,124.0,0.0,4.18,1.0,218.0,2016.0,0.0,0.0,0.0,0.0,0.0,0.0,0.0,27.0,1.0,0.0,27.0
Jimmy Pruitt,CB,72.0,198.0,4.73,32.0,19.0,117.0,0.0,0.0,0.0,0.0,2016.0,0.0,0.0,0.0,0.0,0.0,0.0,0.0,18.7,3.0,1.0,56.0
Keivarae Russell,CB,71.0,192.0,4.49,0.0,17.0,0.0,0.0,0.0,1.0,74.0,2016.0,0.0,0.0,0.0,0.0,0.0,0.0,0.0,0.0,2.0,0.0,0.0
Kevin Peterson,CB,70.0,181.0,4.58,35.5,14.0,121.0,6.94,4.31,0.0,0.0,2016.0,0.0,0.0,0.0,0.0,0.0,0.0,0.0,9.0,1.0,0.0,9.0
Eli Apple,CB,73.0,199.0,4.4,0.0,13.0,0.0,0.0,0.0,1.0,10.0,2016.0,0.0,0.0,0.0,0.0,0.0,0.0,0.0,8.0,1.0,0.0,8.0
Damian Swann,CB,72.0,189.0,4.5,33.0,0.0,118.0,0.0,0.0,1.0,167.0,2015.0,0.0,0.0,0.0,0.0,0.0,0.0,0.0,4.5,4.0,0.0,18.0
Trae Waynes,CB,72.0,186.0,4.31,38.0,19.0,122.0,7.06,4.39,1.0,11.0,2015.0,0.0,0.0,0.0,0.0,0.0,0.0,0.0,0.0,3.0,0.0,0.0
Juston Burris,CB,72.0,212.0,4.53,36.5,19.0,122.0,7.1,4.4,1.0,118.0,2016.0,0.0,0.0,0.0,0.0,0.0,0.0,0.0,6.0,1.0,0.0,6.0
Maurice Canady,CB,73.0,193.0,4.49,38.0,16.0,124.0,7.03,4.09,1.0,209.0,2016.0,0.0,0.0,0.0,0.0,0.0,0.0,0.0,0.0,0.0,0.0,0.0
Chris Rucker,CB,72.0,195.0,4.54,0.0,10.0,0.0,0.0,0.0,1.0,188.0,2011.0,0.0,0.0,0.0,0.0,0.0,0.0,0.0,10.0,2.0,0.0,20.0
Jeff Okudah,CB,73.0,205.0,4.48,41.0,11.0,135.0,0.0,0.0,1.0,3.0,2020.0,9.0,0.0,0.0,28.0,0.0,1.0,34.0,0.0,3.0,0.0,0.0
