Player,Pos,Height,Weight,40yd,Vertical,Broad Jump,3Cone,Shuttle,Drafted,Pick,draft_year,passing_ATT,passing_COMPLETIONS,passing_INT,passing_PCT,passing_TD,passing_YDS,passing_YPA,rushing_CAR,rushing_LONG,rushing_TD,rushing_YDS,rushing_YPC
Shea Patterson,QB,73.0,212.0,4.71,31.0,116.0,7.14,4.5,0.0,0.0,2020.0,381.0,214.0,8.0,0.562,23.0,3061.0,8.0,87.0,22.0,5.0,50.0,0.6
Tua Tagovailoa,QB,72.0,217.0,0.0,0.0,0.0,0.0,0.0,1.0,5.0,2020.0,252.0,180.0,3.0,0.714,33.0,2840.0,11.3,23.0,25.0,2.0,17.0,0.7
Jalen Hurts,QB,73.0,222.0,4.59,35.0,125.0,0.0,0.0,1.0,53.0,2020.0,341.0,237.0,8.0,0.695,32.0,3851.0,11.3,233.0,52.0,20.0,1298.0,5.6
Anthony Gordon,QB,74.0,205.0,0.0,0.0,0.0,0.0,0.0,0.0,0.0,2020.0,689.0,493.0,16.0,0.716,48.0,5575.0,8.1,51.0,17.0,0.0,0.0,0.0
Justin Herbert,QB,78.0,236.0,4.68,35.5,123.0,7.06,4.46,1.0,6.0,2020.0,428.0,286.0,6.0,0.668,32.0,3471.0,8.1,58.0,30.0,4.0,50.0,0.9
Cole McDonald,QB,75.0,215.0,4.58,36.0,121.0,7.13,4.52,1.0,224.0,2020.0,511.0,326.0,14.0,0.638,33.0,4138.0,8.1,103.0,76.0,7.0,377.0,3.7
Steven Montez,QB,76.0,231.0,4.68,33.0,117.0,7.25,4.43,0.0,0.0,2020.0,405.0,255.0,10.0,0.63,17.0,2808.0,6.9,65.0,20.0,3.0,153.0,2.4
James Morgan,QB,76.0,229.0,4.89,29.0,112.0,7.51,4.64,1.0,125.0,2020.0,357.0,207.0,5.0,0.58,14.0,2560.0,7.2,31.0,15.0,2.0,0.0,0.0
Jake Luton,QB,78.0,224.0,0.0,0.0,0.0,0.0,0.0,1.0,189.0,2020.0,358.0,222.0,3.0,0.62,28.0,2714.0,7.6,44.0,19.0,1.0,0.0,0.0
Jordan Love,QB,76.0,224.0,4.74,35.5,118.0,7.21,4.52,1.0,26.0,2020.0,473.0,293.0,17.0,0.619,20.0,3402.0,7.2,81.0,22.0,0.0,175.0,2.2
Brian Lewerke,QB,74.0,213.0,4.95,31.0,113.0,7.14,4.4,0.0,0.0,2020.0,435.0,260.0,13.0,0.598,17.0,3079.0,7.1,111.0,42.0,3.0,363.0,3.3
Justin Fields,QB,74.0,227.0,4.45,0.0,0.0,0.0,0.0,1.0,11.0,2021.0,225.0,158.0,6.0,0.702,22.0,2100.0,9.3,81.0,44.0,5.0,383.0,4.7
Sam Ehlinger,QB,73.0,220.0,4.84,36.5,114.0,7.15,4.44,1.0,218.0,2021.0,322.0,194.0,5.0,0.602,26.0,2566.0,8.0,113.0,36.0,8.0,378.0,3.3
Feleipe Franks,QB,78.0,234.0,4.61,32.5,117.0,7.16,4.22,0.0,0.0,2021.0,237.0,162.0,4.0,0.684,17.0,2091.0,8.8,105.0,28.0,1.0,204.0,1.9
Brady Davis,QB,0.0,0.0,4.65,31.0,114.0,7.06,4.2,0.0,0.0,2021.0,32.0,14.0,1.0,0.438,1.0,187.0,5.8,8.0,6.0,0.0,17.0,2.1
Ian Book,QB,72.0,211.0,4.65,32.5,115.0,6.99,4.19,1.0,133.0,2021.0,353.0,228.0,3.0,0.646,15.0,2830.0,8.0,117.0,33.0,9.0,486.0,4.2
Will Grier,QB,74.0,217.0,4.84,34.0,112.0,7.09,4.28,1.0,100.0,2019.0,397.0,266.0,8.0,0.67,37.0,3864.0,9.7,49.0,15.0,3.0,0.0,0.0
Ryan Finley,QB,76.0,213.0,4.73,30.5,116.0,7.2,4.2,1.0,104.0,2019.0,447.0,300.0,10.0,0.671,21.0,3612.0,8.1,40.0,9.0,1.0,20.0,0.5
Nick Fitzgerald,QB,77.0,226.0,4.64,29.5,115.0,0.0,0.0,0.0,0.0,2019.0,281.0,145.0,9.0,0.516,16.0,1772.0,6.3,221.0,76.0,13.0,1121.0,5.1
Dwayne Haskins,QB,75.0,231.0,5.04,28.5,0.0,0.0,0.0,1.0,15.0,2019.0,531.0,371.0,8.0,0.699,49.0,4751.0,8.9,79.0,17.0,4.0,108.0,1.4
Drew Lock,QB,76.0,228.0,4.69,31.0,112.0,7.03,4.12,1.0,42.0,2019.0,437.0,275.0,8.0,0.629,28.0,3498.0,8.0,55.0,27.0,6.0,175.0,3.2
Mike White,QB,77.0,224.0,5.09,27.0,96.0,7.4,4.4,1.0,171.0,2018.0,560.0,368.0,8.0,0.657,26.0,4177.0,7.5,64.0,10.0,6.0,0.0,0.0
Nic Shimonek,QB,75.0,220.0,4.88,28.5,101.0,7.28,4.32,0.0,0.0,2018.0,493.0,328.0,10.0,0.665,33.0,3963.0,8.0,59.0,16.0,1.0,0.0,0.0
Jake Browning,QB,74.0,211.0,4.74,29.0,112.0,7.19,4.44,0.0,0.0,2019.0,386.0,251.0,10.0,0.65,16.0,3173.0,8.2,83.0,25.0,4.0,127.0,1.5
Logan Woodside,QB,73.0,213.0,4.79,31.5,103.0,6.94,4.15,1.0,249.0,2018.0,411.0,264.0,8.0,0.642,28.0,3882.0,9.4,51.0,18.0,1.0,34.0,0.7
Trace McSorley,QB,72.0,202.0,4.57,33.0,115.0,7.09,4.12,1.0,197.0,2019.0,361.0,192.0,7.0,0.532,18.0,2513.0,7.0,169.0,51.0,12.0,799.0,4.7
Kelly Bryant,QB,75.0,229.0,4.69,35.0,125.0,7.33,4.51,0.0,0.0,2020.0,292.0,181.0,6.0,0.62,15.0,2215.0,7.6,106.0,26.0,1.0,242.0,2.3
Joe Burrow,QB,75.0,221.0,0.0,0.0,0.0,0.0,0.0,1.0,1.0,2020.0,527.0,402.0,6.0,0.763,60.0,5671.0,10.8,115.0,29.0,5.0,369.0,3.2
Jacob Eason,QB,78.0,231.0,4.89,27.5,110.0,7.5,4.75,1.0,122.0,2020.0,405.0,260.0,8.0,0.642,23.0,3132.0,7.7,46.0,19.0,1.0,0.0,0.0
Jake Fromm,QB,74.0,219.0,5.01,30.0,111.0,7.27,4.51,1.0,167.0,2020.0,385.0,234.0,5.0,0.608,24.0,2860.0,7.4,38.0,15.0,0.0,0.0,0.0
Brett Rypien,QB,74.0,210.0,4.91,33.0,116.0,7.1,4.29,0.0,0.0,2019.0,447.0,301.0,7.0,0.673,30.0,3705.0,8.3,83.0,15.0,0.0,23.0,0.3
Gardner Minshew,QB,73.0,225.0,4.97,33.5,116.0,7.14,4.45,1.0,178.0,2019.0,662.0,468.0,9.0,0.707,38.0,4776.0,7.2,58.0,12.0,4.0,119.0,2.1
Kyler Murray,QB,70.0,207.0,0.0,0.0,0.0,0.0,0.0,1.0,1.0,2019.0,376.0,259.0,7.0,0.689,42.0,4364.0,11.6,140.0,75.0,12.0,1001.0,7.2
Kyle Shurmur,QB,76.0,230.0,4.91,29.5,106.0,7.51,4.53,0.0,0.0,2019.0,406.0,254.0,6.0,0.626,24.0,3130.0,7.7,39.0,9.0,0.0,0.0,0.0
Clayton Thorson,QB,76.0,222.0,0.0,0.0,0.0,0.0,0.0,1.0,167.0,2019.0,490.0,298.0,15.0,0.608,17.0,3181.0,6.5,78.0,27.0,9.0,0.0,0.0
Jarrett Stidham,QB,74.0,218.0,4.81,31.0,110.0,7.28,4.33,1.0,133.0,2019.0,369.0,224.0,5.0,0.607,18.0,2795.0,7.6,71.0,18.0,3.0,0.0,0.0
Jordan Ta'amu,QB,75.0,221.0,4.77,27.5,109.0,7.06,4.36,0.0,0.0,2019.0,411.0,262.0,8.0,1.267,19.0,3885.0,20.0,115.0,45.0,6.0,348.0,3.3
Malik Willis,QB,73.0,219.0,0.0,0.0,0.0,0.0,0.0,1.0,86.0,2022.0,339.0,207.0,12.0,0.611,27.0,2857.0,8.4,197.0,56.0,13.0,878.0,4.5
Carson Strong,QB,75.0,226.0,0.0,0.0,0.0,0.0,0.0,0.0,0.0,2022.0,524.0,367.0,8.0,0.7,36.0,4186.0,8.0,51.0,13.0,0.0,0.0,0.0
Bailey Zappe,QB,73.0,215.0,4.88,30.0,109.0,7.19,4.4,1.0,137.0,2022.0,686.0,475.0,11.0,0.692,62.0,5967.0,8.7,51.0,21.0,3.0,17.0,0.3
Malik Cunningham,QB,72.0,192.0,4.53,0.0,0.0,0.0,0.0,0.0,0.0,2023.0,218.0,136.0,5.0,0.624,8.0,1568.0,7.2,114.0,43.0,12.0,565.0,5.0
Stetson Bennett,QB,71.0,192.0,4.67,33.5,118.0,0.0,4.2,1.0,128.0,2023.0,455.0,310.0,7.0,0.681,27.0,4127.0,9.1,57.0,64.0,10.0,205.0,3.6
Cole Kelley,QB,79.0,249.0,0.0,0.0,0.0,0.0,0.0,0.0,0.0,2022.0,59.0,44.0,2.0,0.746,3.0,495.0,8.4,14.0,16.0,2.0,42.0,3.0
D'Eriq King,QB,69.0,196.0,0.0,0.0,0.0,0.0,0.0,0.0,0.0,2022.0,122.0,81.0,4.0,0.664,3.0,767.0,6.3,40.0,29.0,0.0,96.0,2.4
Sam Howell,QB,73.0,218.0,0.0,0.0,0.0,0.0,0.0,1.0,144.0,2022.0,347.0,217.0,9.0,0.625,24.0,3056.0,8.8,183.0,62.0,11.0,828.0,4.5
Kenny Pickett,QB,75.0,217.0,4.73,33.5,121.0,0.0,4.29,1.0,20.0,2022.0,497.0,334.0,7.0,0.672,42.0,4319.0,8.7,97.0,58.0,5.0,241.0,2.5
Brock Purdy,QB,73.0,212.0,4.84,27.0,0.0,7.21,4.45,1.0,262.0,2022.0,407.0,292.0,8.0,0.717,19.0,3188.0,7.8,85.0,23.0,1.0,238.0,2.8
Desmond Ridder,QB,75.0,211.0,4.52,36.0,127.0,7.15,4.29,1.0,74.0,2022.0,387.0,251.0,8.0,0.649,30.0,3334.0,8.6,110.0,40.0,6.0,355.0,3.2
EJ Perry,QB,74.0,211.0,4.65,34.5,123.0,6.85,4.18,0.0,0.0,2022.0,0.0,0.0,0.0,0.0,0.0,0.0,0.0,0.0,0.0,0.0,0.0,0.0
Anthony Richardson,QB,76.0,244.0,4.43,40.5,129.0,0.0,0.0,1.0,4.0,2023.0,327.0,176.0,9.0,0.538,17.0,2549.0,7.8,103.0,81.0,9.0,654.0,6.3
Aidan O'Connell,QB,75.0,213.0,0.0,0.0,0.0,0.0,0.0,1.0,135.0,2023.0,497.0,319.0,13.0,0.642,22.0,3481.0,7.0,43.0,24.0,1.0,0.0,0.0
Clayton Tune,QB,75.0,220.0,4.64,37.5,122.0,6.89,4.25,1.0,139.0,2023.0,497.0,334.0,10.0,0.672,40.0,4074.0,8.2,128.0,55.0,5.0,547.0,4.3
C.J. Stroud,QB,75.0,214.0,0.0,0.0,0.0,0.0,0.0,1.0,2.0,2023.0,389.0,258.0,6.0,0.663,41.0,3688.0,9.5,47.0,44.0,0.0,108.0,2.3
Dorian Thompson-Robinson,QB,74.0,203.0,4.56,32.5,121.0,7.28,4.44,1.0,140.0,2023.0,381.0,265.0,10.0,0.696,27.0,3153.0,8.3,117.0,68.0,12.0,647.0,5.5
Hendon Hooker,QB,75.0,217.0,0.0,0.0,0.0,0.0,0.0,1.0,68.0,2023.0,329.0,229.0,2.0,0.696,27.0,3135.0,9.5,104.0,44.0,5.0,430.0,4.1
Jaren Hall,QB,72.0,207.0,0.0,0.0,0.0,0.0,0.0,1.0,164.0,2023.0,376.0,248.0,6.0,0.66,31.0,3171.0,8.4,86.0,48.0,3.0,346.0,4.0
Jake Haener,QB,72.0,207.0,0.0,35.0,114.0,7.01,0.0,1.0,127.0,2023.0,349.0,251.0,3.0,0.719,20.0,2888.0,8.3,45.0,10.0,2.0,0.0,0.0
Max Duggan,QB,74.0,207.0,4.52,30.5,116.0,7.26,4.45,1.0,239.0,2023.0,419.0,267.0,8.0,0.637,32.0,3698.0,8.8,137.0,67.0,9.0,423.0,3.1
Tanner McKee,QB,78.0,231.0,0.0,33.0,114.0,7.22,4.41,1.0,188.0,2023.0,426.0,264.0,8.0,0.62,13.0,2947.0,6.9,74.0,19.0,2.0,0.0,0.0
Will Levis,QB,76.0,229.0,0.0,34.0,124.0,0.0,0.0,1.0,33.0,2023.0,283.0,185.0,10.0,0.654,19.0,2406.0,8.5,73.0,24.0,2.0,0.0,0.0
Jamie Newman,QB,74.0,234.0,0.0,0.0,0.0,0.0,0.0,0.0,0.0,2021.0,361.0,220.0,11.0,0.609,26.0,2868.0,7.9,180.0,50.0,6.0,574.0,3.2
David Moore,QB,72.0,200.0,4.86,29.5,112.0,7.62,4.75,0.0,0.0,2021.0,0.0,0.0,0.0,0.0,0.0,0.0,0.0,0.0,0.0,0.0,0.0,0.0
Peyton Ramsey,QB,73.0,215.0,4.77,28.0,108.0,7.28,4.41,0.0,0.0,2021.0,281.0,171.0,8.0,0.609,12.0,1742.0,6.2,83.0,34.0,3.0,263.0,3.2
Davis Mills,QB,75.0,217.0,4.82,32.0,110.0,6.95,4.4,1.0,67.0,2021.0,193.0,127.0,3.0,0.658,7.0,1510.0,7.8,30.0,15.0,3.0,37.0,1.2
Mac Jones,QB,74.0,217.0,4.72,32.0,116.0,7.04,4.39,1.0,15.0,2021.0,402.0,311.0,4.0,0.774,41.0,4500.0,11.2,35.0,14.0,1.0,16.0,0.5
Trevor Lawrence,QB,77.0,213.0,0.0,0.0,0.0,0.0,0.0,1.0,1.0,2021.0,334.0,231.0,5.0,0.692,24.0,3153.0,9.4,68.0,34.0,8.0,203.0,3.0
Zach Wilson,QB,74.0,214.0,0.0,0.0,0.0,0.0,0.0,1.0,2.0,2021.0,333.0,244.0,3.0,0.733,32.0,3651.0,11.0,69.0,33.0,10.0,265.0,3.8
Kaleb Eleby,QB,73.0,208.0,0.0,25.5,111.0,7.57,0.0,0.0,0.0,2022.0,362.0,230.0,6.0,0.635,23.0,3277.0,9.1,87.0,25.0,6.0,64.0,0.7
Dustin Crum,QB,73.0,210.0,4.75,32.5,120.0,0.0,4.36,0.0,0.0,2022.0,382.0,245.0,6.0,0.641,20.0,3238.0,8.5,161.0,62.0,12.0,703.0,4.4
Jack Coan,QB,75.0,218.0,4.9,33.0,115.0,6.95,4.39,0.0,0.0,2022.0,385.0,253.0,7.0,0.657,25.0,3150.0,8.2,57.0,21.0,2.0,0.0,0.0
Matt Corral,QB,74.0,212.0,0.0,0.0,0.0,0.0,0.0,1.0,94.0,2022.0,386.0,262.0,5.0,0.679,20.0,3349.0,8.7,152.0,32.0,11.0,614.0,4.0
Brady White,QB,73.0,210.0,4.84,29.0,0.0,6.97,4.33,0.0,0.0,2021.0,418.0,252.0,10.0,0.603,31.0,3376.0,8.1,63.0,18.0,2.0,86.0,1.4
Zach Smith,QB,75.0,222.0,5.23,29.5,111.0,7.26,4.52,0.0,0.0,2021.0,263.0,147.0,10.0,0.559,13.0,1946.0,7.4,36.0,16.0,0.0,0.0,0.0
Zac Thomas,QB,72.0,205.0,4.59,30.0,115.0,7.06,4.28,0.0,0.0,2021.0,291.0,186.0,11.0,0.639,20.0,2189.0,7.5,90.0,60.0,2.0,313.0,3.5
Kevin Thomson,QB,72.0,198.0,4.75,35.5,126.0,6.98,4.23,0.0,0.0,2021.0,91.0,54.0,1.0,0.593,4.0,496.0,5.5,18.0,9.0,0.0,0.0,0.0
Kyle Trask,QB,77.0,236.0,5.1,31.5,113.0,7.08,4.6,1.0,64.0,2021.0,437.0,301.0,8.0,0.689,43.0,4283.0,9.8,64.0,26.0,3.0,50.0,0.8
Matt Barkley,QB,74.0,227.0,4.91,0.0,0.0,0.0,0.0,1.0,98.0,2013.0,387.0,246.0,15.0,0.636,36.0,3273.0,8.5,25.0,11.0,0.0,0.0,0.0
Tyler Bray,QB,78.0,232.0,5.05,0.0,100.0,7.2,4.51,0.0,0.0,2013.0,451.0,268.0,12.0,0.594,34.0,3612.0,8.0,15.0,9.0,0.0,0.0,0.0
Colby Cameron,QB,74.0,212.0,4.78,30.5,112.0,6.98,4.28,0.0,0.0,2013.0,522.0,359.0,5.0,0.688,31.0,4147.0,7.9,61.0,18.0,4.0,177.0,2.9
Brandon Weeden,QB,75.0,221.0,4.89,0.0,0.0,0.0,0.0,1.0,22.0,2012.0,564.0,408.0,13.0,0.723,37.0,4727.0,8.4,17.0,11.0,1.0,0.0,0.0
Darron Thomas,QB,75.0,220.0,4.77,36.0,121.0,7.17,4.28,0.0,0.0,2012.0,339.0,211.0,7.0,0.622,33.0,2761.0,8.1,56.0,40.0,3.0,206.0,3.7
Russell Wilson,QB,71.0,204.0,4.53,34.0,118.0,6.97,4.09,1.0,75.0,2012.0,309.0,225.0,4.0,0.728,33.0,3175.0,10.3,79.0,46.0,6.0,338.0,4.3
Ryan Tannehill,QB,76.0,221.0,4.65,0.0,0.0,0.0,0.0,1.0,8.0,2012.0,531.0,327.0,15.0,0.616,29.0,3744.0,7.1,58.0,65.0,4.0,306.0,5.3
MarQueis Gray,QB,75.0,240.0,4.65,30.0,111.0,7.25,4.3,0.0,0.0,2013.0,59.0,34.0,2.0,0.576,5.0,472.0,8.0,72.0,75.0,5.0,390.0,5.4
Zac Dysert,QB,75.0,231.0,4.81,0.0,0.0,0.0,0.0,1.0,234.0,2013.0,480.0,302.0,12.0,0.629,25.0,3483.0,7.3,108.0,40.0,2.0,265.0,2.5
Mike Glennon,QB,79.0,225.0,4.94,26.5,102.0,7.49,4.52,1.0,73.0,2013.0,564.0,330.0,17.0,0.585,31.0,4031.0,7.1,56.0,14.0,2.0,0.0,0.0
Case Keenum,QB,73.0,208.0,4.72,32.5,103.0,0.0,0.0,0.0,0.0,2012.0,603.0,428.0,5.0,0.71,48.0,5631.0,9.3,57.0,18.0,3.0,35.0,0.6
Andrew Luck,QB,76.0,234.0,4.59,36.0,124.0,6.8,4.28,1.0,1.0,2012.0,404.0,288.0,10.0,0.713,37.0,3517.0,8.7,47.0,17.0,2.0,150.0,3.2
Robert Griffin,QB,74.0,223.0,4.33,39.0,120.0,0.0,0.0,1.0,2.0,2012.0,402.0,291.0,6.0,0.724,37.0,4293.0,10.7,179.0,49.0,10.0,699.0,3.9
Chandler Harnish,QB,74.0,219.0,4.68,32.5,112.0,6.78,4.15,1.0,253.0,2012.0,365.0,228.0,6.0,0.625,27.0,3118.0,8.5,177.0,51.0,10.0,1231.0,7.0
Jacory Harris,QB,75.0,203.0,4.65,37.0,113.0,7.1,4.4,0.0,0.0,2012.0,300.0,195.0,9.0,0.65,20.0,2486.0,8.3,53.0,28.0,0.0,88.0,1.7
Kellen Moore,QB,72.0,197.0,4.82,27.0,99.0,7.41,4.56,0.0,0.0,2012.0,439.0,326.0,9.0,0.743,43.0,3800.0,8.7,20.0,2.0,0.0,0.0,0.0
Brock Osweiler,QB,79.0,242.0,4.83,0.0,0.0,0.0,0.0,1.0,57.0,2012.0,516.0,326.0,13.0,0.632,26.0,4036.0,7.8,83.0,25.0,3.0,90.0,1.1
Landry Jones,QB,76.0,225.0,5.11,31.0,115.0,7.12,4.3,1.0,115.0,2013.0,555.0,367.0,11.0,0.661,30.0,4267.0,7.7,14.0,5.0,0.0,0.0,0.0
Derek Carr,QB,74.0,214.0,4.69,34.5,110.0,0.0,4.2,1.0,36.0,2014.0,659.0,453.0,8.0,0.687,50.0,5082.0,7.7,40.0,17.0,2.0,117.0,2.9
David Fales,QB,74.0,212.0,4.99,28.0,103.0,7.55,4.5,1.0,183.0,2014.0,487.0,312.0,13.0,0.641,33.0,4189.0,8.6,48.0,16.0,2.0,7.0,0.1
Blake Bortles,QB,77.0,232.0,4.93,32.5,115.0,7.08,4.21,1.0,3.0,2014.0,382.0,259.0,9.0,0.678,25.0,3581.0,9.4,87.0,29.0,6.0,272.0,3.1
Tajh Boyd,QB,73.0,222.0,4.84,30.5,106.0,7.33,4.23,1.0,213.0,2014.0,413.0,283.0,11.0,0.685,34.0,3851.0,9.3,154.0,48.0,10.0,400.0,2.6
Teddy Bridgewater,QB,74.0,214.0,0.0,30.0,113.0,7.17,4.2,1.0,32.0,2014.0,427.0,303.0,4.0,0.71,31.0,3970.0,9.3,63.0,20.0,1.0,78.0,1.2
Mason Rudolph,QB,77.0,235.0,4.9,26.0,0.0,0.0,0.0,1.0,76.0,2018.0,489.0,318.0,9.0,0.65,37.0,4904.0,10.0,61.0,19.0,10.0,35.0,0.6
Jimmy Garoppolo,QB,74.0,226.0,4.97,30.5,110.0,7.04,4.26,1.0,62.0,2014.0,95.0,65.0,2.0,0.684,9.0,811.0,8.5,12.0,11.0,0.0,0.0,0.0
Collin Klein,QB,77.0,226.0,4.78,29.0,111.0,7.17,4.4,0.0,0.0,2013.0,304.0,197.0,9.0,0.648,16.0,2641.0,8.7,207.0,34.0,23.0,920.0,4.4
Sean Renfree,QB,75.0,219.0,4.76,0.0,0.0,0.0,0.0,1.0,249.0,2013.0,441.0,297.0,10.0,0.673,19.0,3113.0,7.1,38.0,25.0,1.0,0.0,0.0
Matt Scott,QB,74.0,213.0,4.69,31.0,118.0,6.69,3.99,0.0,0.0,2013.0,499.0,301.0,14.0,0.603,27.0,3620.0,7.3,113.0,24.0,6.0,506.0,4.5
Ryan Nassib,QB,74.0,227.0,5.06,28.5,105.0,7.34,4.53,1.0,110.0,2013.0,471.0,294.0,10.0,0.624,26.0,3749.0,8.0,84.0,12.0,2.0,138.0,1.6
E.J. Manuel,QB,77.0,237.0,4.65,34.0,118.0,7.08,4.21,1.0,16.0,2013.0,387.0,263.0,10.0,0.68,23.0,3392.0,8.8,103.0,28.0,4.0,310.0,3.0
Geno Smith,QB,74.0,218.0,4.58,33.5,124.0,0.0,0.0,1.0,39.0,2013.0,518.0,369.0,6.0,0.712,42.0,4205.0,8.1,66.0,28.0,2.0,151.0,2.3
James Vandenberg,QB,75.0,226.0,4.92,32.0,116.0,6.95,4.52,0.0,0.0,2013.0,389.0,223.0,8.0,0.573,7.0,2249.0,5.8,63.0,21.0,4.0,16.0,0.3
Zac Robinson,QB,74.0,214.0,4.68,35.0,110.0,7.24,4.4,1.0,250.0,2010.0,301.0,180.0,12.0,0.598,15.0,2084.0,6.9,111.0,22.0,4.0,305.0,2.7
Riley Skinner,QB,72.0,214.0,5.05,30.0,101.0,7.04,4.29,0.0,0.0,2010.0,400.0,264.0,12.0,0.66,26.0,3160.0,7.9,70.0,20.0,2.0,56.0,0.8
Jevan Snead,QB,75.0,219.0,5.04,33.0,106.0,7.08,4.33,0.0,0.0,2010.0,351.0,191.0,20.0,0.544,20.0,2632.0,7.5,52.0,24.0,3.0,101.0,1.9
Tony Pike,QB,78.0,223.0,4.9,28.5,108.0,7.06,4.53,1.0,204.0,2010.0,338.0,211.0,6.0,0.624,29.0,2520.0,7.5,31.0,16.0,2.0,6.0,0.2
Jeff Van Camp,QB,77.0,218.0,4.83,31.0,114.0,6.87,4.16,0.0,0.0,2011.0,335.0,192.0,13.0,0.573,17.0,2459.0,7.3,56.0,29.0,0.0,0.0,0.0
Tim Tebow,QB,75.0,236.0,4.71,38.5,115.0,6.66,4.17,1.0,25.0,2010.0,314.0,213.0,5.0,0.678,21.0,2895.0,9.2,217.0,55.0,14.0,910.0,4.2
Colt McCoy,QB,73.0,216.0,4.79,0.0,114.0,0.0,0.0,1.0,85.0,2010.0,470.0,332.0,12.0,0.706,27.0,3521.0,7.5,129.0,65.0,3.0,348.0,2.7
Nick Foles,QB,77.0,243.0,5.14,30.5,112.0,0.0,0.0,1.0,88.0,2012.0,560.0,387.0,14.0,0.691,28.0,4334.0,7.7,43.0,9.0,0.0,0.0,0.0
Daryll Clark,QB,74.0,235.0,4.72,0.0,0.0,0.0,0.0,0.0,0.0,2010.0,381.0,232.0,10.0,0.609,24.0,3003.0,7.9,84.0,51.0,7.0,211.0,2.5
Jimmy Clausen,QB,75.0,222.0,4.76,0.0,0.0,0.0,0.0,1.0,48.0,2010.0,425.0,289.0,4.0,0.68,28.0,3722.0,8.8,59.0,11.0,3.0,0.0,0.0
Sean Canfield,QB,76.0,223.0,4.93,29.5,100.0,7.26,4.39,1.0,239.0,2010.0,446.0,303.0,7.0,0.679,21.0,3271.0,7.3,48.0,7.0,2.0,0.0,0.0
Sam Bradford,QB,76.0,236.0,4.79,0.0,0.0,0.0,0.0,1.0,1.0,2010.0,69.0,39.0,0.0,0.565,2.0,562.0,8.1,4.0,5.0,0.0,0.0,0.0
Jarrett Brown,QB,75.0,224.0,4.5,34.5,114.0,7.24,4.39,0.0,0.0,2010.0,296.0,187.0,9.0,0.632,11.0,2144.0,7.2,118.0,36.0,6.0,452.0,3.8
Mike Kafka,QB,75.0,225.0,4.93,32.0,110.0,6.96,4.37,1.0,122.0,2010.0,492.0,319.0,12.0,0.648,16.0,3430.0,7.0,150.0,18.0,8.0,299.0,2.0
Dan LeFevour,QB,75.0,230.0,4.6,29.5,110.0,6.93,4.22,1.0,181.0,2010.0,456.0,318.0,7.0,0.697,28.0,3438.0,7.5,183.0,53.0,15.0,713.0,3.9
Thaddeus Lewis,QB,72.0,215.0,4.84,28.0,107.0,0.0,0.0,0.0,0.0,2010.0,449.0,274.0,8.0,0.61,20.0,3330.0,7.4,86.0,21.0,4.0,48.0,0.6
Max Hall,QB,73.0,209.0,4.84,32.0,102.0,7.07,4.35,0.0,0.0,2010.0,409.0,275.0,14.0,0.672,33.0,3560.0,8.7,72.0,20.0,2.0,75.0,1.0
Tim Hiller,QB,76.0,229.0,4.97,32.5,118.0,7.1,4.54,0.0,0.0,2010.0,514.0,309.0,13.0,0.601,23.0,3249.0,6.3,39.0,22.0,0.0,0.0,0.0
Scott Tolzien,QB,74.0,212.0,4.92,29.5,116.0,6.84,4.12,0.0,0.0,2011.0,266.0,194.0,6.0,0.729,16.0,2459.0,9.2,30.0,9.0,0.0,0.0,0.0
T.J. Yates,QB,75.0,219.0,5.06,29.5,104.0,6.96,4.12,1.0,152.0,2011.0,422.0,282.0,9.0,0.668,19.0,3418.0,8.1,79.0,24.0,3.0,0.0,0.0
Tyrod Taylor,QB,73.0,217.0,4.47,37.5,126.0,6.78,4.09,1.0,180.0,2011.0,315.0,188.0,5.0,0.597,24.0,2743.0,8.7,146.0,72.0,5.0,659.0,4.5
Ricky Stanzi,QB,76.0,223.0,4.87,32.5,110.0,6.95,4.43,1.0,135.0,2011.0,345.0,221.0,6.0,0.641,25.0,3004.0,8.7,48.0,26.0,2.0,0.0,0.0
Aaron Corp,QB,75.0,215.0,4.61,31.5,106.0,7.03,4.3,0.0,0.0,2012.0,31.0,14.0,1.0,0.452,1.0,193.0,6.2,1.0,17.0,0.0,17.0,17.0
Kirk Cousins,QB,75.0,214.0,4.84,28.5,109.0,7.05,4.5,1.0,102.0,2012.0,419.0,267.0,10.0,0.637,25.0,3316.0,7.9,37.0,21.0,0.0,0.0,0.0
Austin Davis,QB,74.0,219.0,4.69,31.0,109.0,6.73,4.11,0.0,0.0,2012.0,475.0,286.0,11.0,0.602,30.0,3496.0,7.4,110.0,35.0,4.0,352.0,3.2
Ryan Colburn,QB,75.0,233.0,5.12,0.0,0.0,6.84,4.28,0.0,0.0,2011.0,360.0,227.0,9.0,0.631,23.0,2817.0,7.8,95.0,28.0,3.0,75.0,0.8
Andy Dalton,QB,74.0,215.0,4.83,29.5,106.0,6.93,4.27,1.0,35.0,2011.0,316.0,209.0,6.0,0.661,27.0,2857.0,9.0,86.0,47.0,6.0,435.0,5.1
Blaine Gabbert,QB,76.0,234.0,4.61,33.5,120.0,6.84,4.26,1.0,10.0,2011.0,475.0,301.0,9.0,0.634,16.0,3186.0,6.7,112.0,32.0,5.0,232.0,2.1
Greg McElroy,QB,74.0,220.0,4.84,33.0,107.0,7.11,4.45,1.0,208.0,2011.0,313.0,222.0,5.0,0.709,20.0,2987.0,9.5,60.0,17.0,1.0,0.0,0.0
Christian Ponder,QB,74.0,229.0,4.63,34.0,116.0,6.85,4.09,1.0,12.0,2011.0,299.0,184.0,8.0,0.615,20.0,2044.0,6.8,100.0,18.0,4.0,180.0,1.8
Jerrod Johnson,QB,77.0,251.0,4.75,29.0,119.0,7.28,4.31,0.0,0.0,2011.0,279.0,158.0,9.0,0.566,14.0,1947.0,7.0,79.0,17.0,2.0,146.0,1.8
Colin Kaepernick,QB,77.0,233.0,4.53,32.5,115.0,6.85,4.18,1.0,36.0,2011.0,359.0,233.0,8.0,0.649,21.0,3022.0,8.4,173.0,59.0,20.0,1206.0,7.0
Jake Locker,QB,74.0,231.0,4.51,35.0,120.0,6.77,4.12,1.0,8.0,2011.0,332.0,184.0,9.0,0.554,17.0,2265.0,6.8,114.0,54.0,6.0,385.0,3.4
Ryan Mallett,QB,79.0,253.0,5.37,24.0,103.0,0.0,0.0,1.0,74.0,2011.0,411.0,266.0,12.0,0.647,32.0,3869.0,9.4,44.0,14.0,4.0,0.0,0.0
Jordan Lynch,QB,72.0,217.0,4.76,29.5,109.0,6.55,4.2,0.0,0.0,2014.0,404.0,253.0,8.0,0.626,24.0,2892.0,7.2,292.0,61.0,23.0,1920.0,6.6
Brad Kaaya,QB,76.0,214.0,0.0,0.0,0.0,0.0,0.0,1.0,215.0,2017.0,421.0,261.0,7.0,0.62,27.0,3532.0,8.4,37.0,12.0,1.0,0.0,0.0
DeShone Kizer,QB,76.0,233.0,4.83,30.5,107.0,7.4,4.53,1.0,52.0,2017.0,361.0,212.0,9.0,0.587,26.0,2925.0,8.1,129.0,49.0,8.0,472.0,3.7
Trevor Knight,QB,73.0,219.0,4.54,35.5,125.0,7.04,4.14,0.0,0.0,2017.0,22.0,13.0,0.0,0.591,2.0,129.0,5.9,9.0,43.0,0.0,55.0,6.1
Mitch Leidner,QB,75.0,226.0,4.93,34.5,123.0,6.96,4.25,0.0,0.0,2017.0,307.0,173.0,12.0,0.564,8.0,2169.0,7.1,111.0,32.0,10.0,366.0,3.3
Sefo Liufau,QB,75.0,232.0,5.08,27.0,105.0,7.32,4.45,0.0,0.0,2017.0,319.0,200.0,6.0,0.627,11.0,2366.0,7.4,165.0,25.0,8.0,494.0,3.0
Seth Russell,QB,75.0,213.0,0.0,0.0,0.0,0.0,0.0,0.0,0.0,2017.0,278.0,152.0,8.0,0.547,20.0,2126.0,7.6,94.0,50.0,8.0,506.0,5.4
Nathan Peterman,QB,74.0,226.0,4.82,31.0,110.0,7.14,4.31,1.0,171.0,2017.0,306.0,185.0,7.0,0.605,27.0,2855.0,9.3,72.0,42.0,3.0,286.0,4.0
Patrick Mahomes,QB,74.0,225.0,4.8,30.0,114.0,6.88,4.08,1.0,10.0,2017.0,591.0,388.0,10.0,0.657,41.0,5052.0,8.5,131.0,32.0,12.0,285.0,2.2
C.J. Beathard,QB,74.0,219.0,0.0,31.0,113.0,0.0,0.0,1.0,104.0,2017.0,301.0,170.0,10.0,0.565,17.0,1929.0,6.4,83.0,15.0,2.0,0.0,0.0
Josh Woodrum,QB,75.0,231.0,4.8,31.0,116.0,6.74,4.31,0.0,0.0,2016.0,64.0,46.0,0.0,0.719,1.0,519.0,8.1,10.0,36.0,0.0,52.0,5.2
Jerod Evans,QB,75.0,232.0,4.8,26.5,112.0,0.0,4.41,0.0,0.0,2017.0,422.0,268.0,8.0,0.635,29.0,3552.0,8.4,204.0,55.0,12.0,846.0,4.1
Joshua Dobbs,QB,75.0,216.0,4.64,33.0,122.0,6.75,4.31,1.0,135.0,2017.0,357.0,225.0,12.0,0.63,27.0,2946.0,8.3,150.0,70.0,12.0,831.0,5.5
Cooper Rush,QB,75.0,228.0,4.93,27.0,105.0,7.23,4.47,0.0,0.0,2017.0,465.0,278.0,16.0,0.598,23.0,3540.0,7.6,68.0,29.0,1.0,0.0,0.0
Riley Ferguson,QB,75.0,212.0,4.98,29.0,110.0,6.96,4.4,0.0,0.0,2018.0,474.0,299.0,9.0,0.631,38.0,4257.0,9.0,54.0,15.0,6.0,22.0,0.4
Danny Etling,QB,74.0,222.0,4.76,30.5,114.0,7.09,4.37,1.0,219.0,2018.0,275.0,165.0,2.0,0.6,16.0,2463.0,9.0,72.0,19.0,2.0,128.0,1.8
Luke Falk,QB,76.0,215.0,0.0,26.5,103.0,0.0,0.0,1.0,199.0,2018.0,534.0,357.0,13.0,0.669,30.0,3593.0,6.7,67.0,16.0,0.0,0.0,0.0
Quinton Flowers,QB,70.0,214.0,4.63,0.0,112.0,6.81,4.57,0.0,0.0,2018.0,354.0,188.0,6.0,0.531,25.0,2911.0,8.2,196.0,44.0,11.0,1078.0,5.5
Josh Rosen,QB,76.0,226.0,4.92,31.0,111.0,7.09,4.28,1.0,10.0,2018.0,451.0,282.0,10.0,0.625,26.0,3717.0,8.2,50.0,14.0,2.0,0.0,0.0
Tanner Lee,QB,76.0,218.0,4.98,32.0,115.0,7.0,4.41,1.0,203.0,2018.0,428.0,246.0,16.0,0.575,23.0,3143.0,7.3,30.0,6.0,2.0,0.0,0.0
Kyle Lauletta,QB,75.0,222.0,4.81,31.0,113.0,6.95,4.07,1.0,108.0,2018.0,35.0,24.0,0.0,0.686,3.0,337.0,9.6,5.0,9.0,0.0,0.0,0.0
Chase Litton,QB,77.0,230.0,4.9,29.5,106.0,7.49,4.53,0.0,0.0,2018.0,443.0,266.0,14.0,0.6,25.0,3115.0,7.0,35.0,14.0,1.0,12.0,0.3
Baker Mayfield,QB,73.0,215.0,4.84,29.0,111.0,7.0,4.28,1.0,1.0,2018.0,404.0,285.0,6.0,0.705,43.0,4627.0,11.5,97.0,54.0,5.0,311.0,3.2
Deshaun Watson,QB,74.0,221.0,4.66,32.5,119.0,6.95,4.31,1.0,12.0,2017.0,578.0,387.0,17.0,0.67,41.0,4593.0,7.9,165.0,33.0,9.0,629.0,3.8
Davis Webb,QB,77.0,229.0,4.79,33.0,118.0,6.92,4.21,1.0,87.0,2017.0,620.0,382.0,12.0,0.616,37.0,4295.0,6.9,33.0,8.0,6.0,0.0,0.0
Sam Darnold,QB,75.0,221.0,4.85,26.5,105.0,6.96,4.4,1.0,3.0,2018.0,480.0,303.0,13.0,0.631,26.0,4143.0,8.6,75.0,39.0,5.0,82.0,1.1
J.T. Barrett,QB,73.0,224.0,4.7,30.0,108.0,7.38,4.44,0.0,0.0,2018.0,371.0,240.0,9.0,0.647,35.0,3053.0,8.2,165.0,37.0,12.0,798.0,4.8
Kurt Benkert,QB,75.0,218.0,4.95,31.0,112.0,7.15,4.33,0.0,0.0,2018.0,509.0,298.0,9.0,0.585,25.0,3207.0,6.3,65.0,15.0,0.0,0.0,0.0
Carson Wentz,QB,77.0,237.0,4.77,30.5,118.0,6.86,4.15,1.0,2.0,2016.0,28.0,18.0,0.0,0.643,0.0,204.0,7.3,8.0,20.0,0.0,38.0,4.8
Nate Sudfeld,QB,78.0,234.0,5.02,29.0,105.0,0.0,0.0,1.0,187.0,2016.0,412.0,247.0,7.0,0.6,27.0,3573.0,8.7,46.0,21.0,5.0,61.0,1.3
Garrett Grayson,QB,74.0,213.0,4.75,0.0,0.0,0.0,0.0,1.0,75.0,2015.0,420.0,270.0,7.0,0.643,32.0,4006.0,9.5,57.0,19.0,0.0,0.0,0.0
Connor Halliday,QB,75.0,204.0,4.87,0.0,0.0,0.0,0.0,0.0,0.0,2015.0,526.0,354.0,11.0,0.673,32.0,3873.0,7.4,29.0,13.0,0.0,0.0,0.0
Cody Fajardo,QB,73.0,223.0,4.63,32.5,118.0,6.95,4.1,0.0,0.0,2015.0,405.0,239.0,11.0,0.59,18.0,2498.0,6.2,177.0,60.0,13.0,1046.0,5.9
Marcus Mariota,QB,76.0,222.0,4.52,36.0,121.0,6.87,4.11,1.0,2.0,2015.0,445.0,304.0,4.0,0.683,42.0,4454.0,10.0,135.0,61.0,15.0,770.0,5.7
Joel Stave,QB,77.0,236.0,4.8,33.5,115.0,7.29,4.33,0.0,0.0,2016.0,370.0,225.0,11.0,0.608,11.0,2687.0,7.3,33.0,11.0,1.0,0.0,0.0
Sean Mannion,QB,78.0,229.0,5.14,31.0,105.0,7.29,4.39,1.0,89.0,2015.0,453.0,282.0,8.0,0.623,15.0,3164.0,7.0,48.0,8.0,1.0,0.0,0.0
Brett Hundley,QB,75.0,226.0,4.63,36.0,120.0,6.93,3.98,1.0,147.0,2015.0,392.0,271.0,5.0,0.691,22.0,3155.0,8.0,159.0,40.0,10.0,644.0,4.1
Jerry Lovelocke,QB,76.0,248.0,4.99,31.5,113.0,7.3,4.51,0.0,0.0,2015.0,27.0,16.0,0.0,0.593,0.0,109.0,4.0,0.0,0.0,0.0,0.0,0.0
Bryn Renner,QB,75.0,228.0,4.87,25.5,108.0,7.22,4.3,0.0,0.0,2014.0,231.0,152.0,5.0,0.658,10.0,1765.0,7.6,46.0,17.0,2.0,0.0,0.0
Tom Savage,QB,76.0,228.0,4.97,27.0,105.0,7.33,4.36,1.0,135.0,2014.0,389.0,238.0,9.0,0.612,21.0,2958.0,7.6,76.0,12.0,3.0,0.0,0.0
Connor Shaw,QB,72.0,206.0,4.66,34.0,116.0,7.07,4.33,0.0,0.0,2014.0,284.0,180.0,1.0,0.634,24.0,2447.0,8.6,154.0,31.0,6.0,558.0,3.6
Johnny Manziel,QB,72.0,207.0,4.68,31.5,113.0,6.75,4.03,1.0,22.0,2014.0,429.0,300.0,13.0,0.699,37.0,4114.0,9.6,144.0,49.0,9.0,759.0,5.3
A.J. McCarron,QB,75.0,220.0,4.94,28.0,99.0,7.18,4.34,1.0,164.0,2014.0,336.0,226.0,7.0,0.673,28.0,3063.0,9.1,34.0,15.0,0.0,0.0,0.0
Zach Mettenberger,QB,77.0,224.0,0.0,0.0,0.0,0.0,0.0,1.0,178.0,2014.0,296.0,192.0,8.0,0.649,22.0,3082.0,10.4,34.0,10.0,0.0,0.0,0.0
Stephen Morris,QB,74.0,213.0,4.63,30.0,111.0,7.36,4.49,0.0,0.0,2014.0,344.0,198.0,12.0,0.576,21.0,3028.0,8.8,28.0,16.0,0.0,0.0,0.0
Aaron Murray,QB,72.0,207.0,4.84,0.0,0.0,0.0,0.0,1.0,163.0,2014.0,347.0,225.0,9.0,0.648,26.0,3075.0,8.9,53.0,57.0,7.0,186.0,3.5
Logan Thomas,QB,78.0,248.0,4.61,35.5,118.0,7.05,4.18,1.0,120.0,2014.0,402.0,227.0,13.0,0.565,16.0,2907.0,7.2,162.0,26.0,4.0,344.0,2.1
Bryan Bennett,QB,74.0,211.0,4.81,37.0,125.0,7.13,4.2,0.0,0.0,2015.0,34.0,16.0,2.0,0.471,1.0,213.0,6.3,13.0,8.0,1.0,0.0,0.0
Anthony Boone,QB,72.0,231.0,5.03,26.5,100.0,7.47,4.62,0.0,0.0,2015.0,453.0,255.0,8.0,0.563,19.0,2700.0,6.0,94.0,30.0,5.0,375.0,4.0
Brandon Bridge,QB,76.0,229.0,4.72,33.0,110.0,7.18,4.37,0.0,0.0,2015.0,307.0,160.0,8.0,0.521,15.0,1927.0,6.3,101.0,65.0,4.0,297.0,2.9
Shane Carden,QB,74.0,218.0,4.94,29.5,104.0,7.17,4.45,0.0,0.0,2015.0,617.0,392.0,10.0,0.635,30.0,4736.0,7.7,96.0,23.0,6.0,76.0,0.8
Keith Wenning,QB,75.0,218.0,5.0,28.0,100.0,7.07,4.25,1.0,194.0,2014.0,498.0,319.0,7.0,0.641,35.0,4148.0,8.3,45.0,12.0,5.0,44.0,1.0
Cardale Jones,QB,77.0,253.0,4.81,36.0,0.0,0.0,0.0,1.0,139.0,2016.0,176.0,110.0,5.0,0.625,8.0,1460.0,8.3,64.0,38.0,2.0,193.0,3.0
Cody Kessler,QB,73.0,220.0,4.89,29.5,104.0,7.32,4.0,1.0,93.0,2016.0,446.0,298.0,7.0,0.668,29.0,3536.0,7.9,61.0,21.0,4.0,0.0,0.0
Jared Goff,QB,76.0,215.0,4.82,27.0,110.0,7.17,4.47,1.0,1.0,2016.0,529.0,341.0,13.0,0.645,43.0,4719.0,8.9,56.0,20.0,0.0,0.0,0.0
Kevin Hogan,QB,75.0,218.0,4.78,32.5,113.0,6.9,4.31,1.0,162.0,2016.0,304.0,206.0,8.0,0.678,27.0,2867.0,9.4,85.0,59.0,6.0,336.0,4.0
Paxton Lynch,QB,79.0,244.0,4.86,36.0,118.0,7.14,4.26,1.0,26.0,2016.0,443.0,296.0,4.0,0.668,28.0,3776.0,8.5,87.0,23.0,2.0,239.0,2.7
Dak Prescott,QB,74.0,226.0,4.79,32.5,116.0,7.11,4.32,1.0,135.0,2016.0,477.0,316.0,5.0,0.662,29.0,3793.0,8.0,160.0,49.0,10.0,588.0,3.7
Christian Hackenberg,QB,76.0,223.0,4.78,31.0,114.0,7.04,4.33,1.0,51.0,2016.0,359.0,192.0,6.0,0.535,16.0,2525.0,7.0,66.0,22.0,2.0,0.0,0.0
Trevone Boykin,QB,72.0,212.0,4.77,32.0,110.0,0.0,4.4,0.0,0.0,2016.0,396.0,257.0,10.0,0.649,31.0,3575.0,9.0,123.0,69.0,9.0,612.0,5.0
Brandon Allen,QB,73.0,217.0,4.84,28.0,110.0,7.06,4.33,1.0,201.0,2016.0,370.0,244.0,8.0,0.659,30.0,3440.0,9.3,56.0,22.0,1.0,107.0,1.9
Jacoby Brissett,QB,76.0,231.0,4.94,31.0,113.0,7.17,4.53,1.0,91.0,2016.0,395.0,237.0,6.0,0.6,20.0,2662.0,6.7,139.0,31.0,6.0,370.0,2.7
Vernon Adams,QB,71.0,200.0,4.83,29.5,114.0,6.82,4.2,0.0,0.0,2016.0,259.0,168.0,6.0,0.649,26.0,2643.0,10.2,83.0,24.0,2.0,147.0,1.8
Blake Sims,QB,71.0,218.0,4.57,30.5,115.0,0.0,0.0,0.0,0.0,2015.0,391.0,252.0,10.0,0.645,28.0,3487.0,8.9,83.0,43.0,7.0,350.0,4.2
Jameis Winston,QB,76.0,231.0,4.97,28.5,103.0,7.16,4.36,1.0,1.0,2015.0,467.0,305.0,18.0,0.653,25.0,3907.0,8.4,57.0,28.0,3.0,65.0,1.1
Bryce Young,QB,70.0,204.0,0.0,0.0,0.0,0.0,0.0,1.0,1.0,2023.0,380.0,245.0,5.0,0.645,32.0,3328.0,8.8,49.0,63.0,4.0,185.0,3.8
Jeff Driskel,QB,76.0,234.0,4.56,32.0,122.0,7.19,4.25,1.0,207.0,2016.0,450.0,281.0,8.0,0.624,27.0,4033.0,9.0,92.0,37.0,5.0,323.0,3.5
Brandon Doughty,QB,75.0,213.0,5.22,27.0,103.0,7.49,4.52,1.0,223.0,2016.0,540.0,388.0,9.0,0.719,48.0,5055.0,9.4,27.0,11.0,1.0,0.0,0.0
Connor Cook,QB,76.0,217.0,4.79,33.0,113.0,7.21,4.28,1.0,100.0,2016.0,408.0,229.0,7.0,0.561,24.0,3131.0,7.7,52.0,22.0,0.0,56.0,1.1
Mitchell Trubisky,QB,74.0,222.0,4.67,27.5,116.0,6.87,4.25,1.0,2.0,2017.0,446.0,304.0,6.0,0.682,30.0,3748.0,8.4,93.0,39.0,5.0,308.0,3.3
