Player,Pos,Height,Weight,40yd,Vertical,Bench,Broad Jump,3Cone,Shuttle,Drafted,Pick,draft_year,receiving_LONG,receiving_REC,receiving_TD,receiving_YDS,receiving_YPR,rushing_CAR,rushing_LONG,rushing_TD,rushing_YDS,rushing_YPC
Seyi Ajirotutu,WR,75.0,204.0,4.6,36.0,14.0,115.0,7.22,4.39,0.0,0.0,2010.0,46.0,49.0,7.0,677.0,13.8,0.0,0.0,0.0,0.0,0.0
Michael Pittman,WR,76.0,223.0,4.52,36.5,13.0,121.0,6.96,4.14,1.0,34.0,2020.0,77.0,101.0,11.0,1275.0,12.6,0.0,0.0,0.0,0.0,0.0
James Proche,WR,71.0,201.0,0.0,34.5,20.0,0.0,7.27,4.4,1.0,201.0,2020.0,52.0,111.0,15.0,1225.0,11.0,4.0,12.0,0.0,18.0,4.5
Jalen Reagor,WR,71.0,206.0,4.47,42.0,17.0,138.0,7.31,4.46,1.0,21.0,2020.0,55.0,43.0,5.0,611.0,14.2,14.0,29.0,0.0,89.0,6.4
Joe Reed,WR,72.0,224.0,4.47,38.0,21.0,123.0,0.0,0.0,1.0,151.0,2020.0,43.0,77.0,7.0,679.0,8.8,8.0,22.0,0.0,42.0,5.3
Kendrick Rogers,WR,76.0,208.0,4.51,35.5,17.0,124.0,7.13,4.48,0.0,0.0,2020.0,23.0,30.0,2.0,351.0,11.7,0.0,0.0,0.0,0.0,0.0
Dezmon Patmon,WR,76.0,225.0,4.48,36.0,15.0,132.0,7.28,4.38,1.0,212.0,2020.0,48.0,58.0,8.0,762.0,13.1,0.0,0.0,0.0,0.0,0.0
K.J. Osborn,WR,71.0,203.0,4.48,37.5,18.0,123.0,7.0,4.35,1.0,176.0,2020.0,32.0,50.0,5.0,547.0,10.9,5.0,5.0,0.0,15.0,3.0
Aaron Parker,WR,74.0,209.0,4.57,26.5,12.0,112.0,6.94,4.23,0.0,0.0,2020.0,38.0,14.0,1.0,208.0,14.9,1.0,0.0,0.0,0.0,0.0
Donovan Peoples-Jones,WR,74.0,212.0,4.48,44.5,0.0,139.0,0.0,0.0,1.0,187.0,2020.0,41.0,34.0,6.0,438.0,12.9,2.0,2.0,0.0,0.0,0.0
Quez Watkins,WR,72.0,185.0,4.35,36.5,0.0,125.0,7.28,4.36,1.0,200.0,2020.0,77.0,64.0,6.0,1178.0,18.4,1.0,1.0,0.0,1.0,1.0
Cody White,WR,75.0,217.0,4.66,35.5,0.0,120.0,7.19,4.52,0.0,0.0,2020.0,49.0,66.0,6.0,922.0,14.0,6.0,13.0,0.0,22.0,3.7
Jeff Thomas,WR,69.0,170.0,4.45,36.5,0.0,125.0,0.0,0.0,0.0,0.0,2020.0,39.0,31.0,3.0,379.0,12.2,7.0,16.0,0.0,41.0,5.9
Darrell Stewart,WR,72.0,212.0,0.0,35.0,15.0,117.0,0.0,0.0,0.0,0.0,2020.0,44.0,49.0,4.0,697.0,14.2,2.0,0.0,0.0,0.0,0.0
Freddie Swain,WR,72.0,197.0,4.46,36.5,16.0,124.0,7.05,4.26,1.0,214.0,2020.0,64.0,38.0,7.0,517.0,13.6,4.0,10.0,0.0,27.0,6.8
Jerry Jeudy,WR,73.0,193.0,4.45,35.0,0.0,120.0,0.0,4.53,1.0,15.0,2020.0,85.0,77.0,10.0,1163.0,15.1,1.0,1.0,0.0,1.0,1.0
K.J. Hill,WR,72.0,196.0,4.6,32.5,17.0,114.0,0.0,0.0,1.0,220.0,2020.0,53.0,57.0,10.0,636.0,11.2,1.0,1.0,0.0,1.0,1.0
Isaiah Hodgins,WR,76.0,210.0,4.61,36.5,9.0,124.0,7.01,4.12,1.0,207.0,2020.0,42.0,86.0,13.0,1171.0,13.6,0.0,0.0,0.0,0.0,0.0
Henry Ruggs III,WR,71.0,188.0,4.27,42.0,0.0,131.0,0.0,0.0,1.0,12.0,2020.0,81.0,40.0,7.0,746.0,18.7,2.0,75.0,1.0,75.0,37.5
Trishton Jackson,WR,73.0,197.0,4.5,36.0,0.0,117.0,0.0,0.0,0.0,0.0,2020.0,85.0,66.0,11.0,1023.0,15.5,2.0,5.0,0.0,3.0,1.5
Van Jefferson,WR,73.0,200.0,0.0,0.0,0.0,0.0,0.0,0.0,1.0,57.0,2020.0,69.0,49.0,6.0,657.0,13.4,1.0,7.0,0.0,7.0,7.0
John Hightower,WR,73.0,189.0,4.43,38.5,0.0,122.0,7.07,4.21,1.0,168.0,2020.0,76.0,51.0,8.0,943.0,18.5,15.0,35.0,0.0,139.0,9.3
Tee Higgins,WR,76.0,216.0,0.0,0.0,0.0,0.0,0.0,0.0,1.0,33.0,2020.0,65.0,59.0,13.0,1167.0,19.8,1.0,36.0,1.0,36.0,36.0
Antonio Gibson,WR,72.0,228.0,4.39,35.0,16.0,118.0,0.0,0.0,1.0,66.0,2020.0,73.0,38.0,8.0,735.0,19.3,33.0,78.0,4.0,369.0,11.2
Stephen Guidry,WR,75.0,201.0,4.47,34.0,0.0,125.0,7.31,4.46,0.0,0.0,2020.0,32.0,30.0,5.0,387.0,12.9,0.0,0.0,0.0,0.0,0.0
KJ Hamler,WR,69.0,178.0,0.0,0.0,15.0,0.0,0.0,0.0,1.0,46.0,2020.0,58.0,56.0,8.0,904.0,16.1,13.0,16.0,0.0,43.0,3.3
Jauan Jennings,WR,75.0,215.0,4.72,29.0,0.0,119.0,0.0,0.0,1.0,217.0,2020.0,51.0,59.0,8.0,969.0,16.4,13.0,22.0,1.0,51.0,3.9
Collin Johnson,WR,78.0,222.0,0.0,0.0,17.0,0.0,0.0,0.0,1.0,165.0,2020.0,37.0,38.0,3.0,559.0,14.7,0.0,0.0,0.0,0.0,0.0
Austin Mack,WR,73.0,208.0,4.59,31.5,0.0,117.0,0.0,4.42,0.0,0.0,2020.0,38.0,27.0,3.0,361.0,13.4,0.0,0.0,0.0,0.0,0.0
Denzel Mims,WR,75.0,207.0,4.38,38.5,16.0,131.0,6.66,4.43,1.0,59.0,2020.0,46.0,66.0,12.0,1020.0,15.5,0.0,0.0,0.0,0.0,0.0
Darnell Mooney,WR,70.0,176.0,4.38,37.0,9.0,124.0,0.0,0.0,1.0,173.0,2020.0,48.0,48.0,5.0,713.0,14.9,0.0,0.0,0.0,0.0,0.0
Kalija Lipscomb,WR,72.0,207.0,4.57,32.0,16.0,127.0,0.0,0.0,0.0,0.0,2020.0,49.0,47.0,3.0,511.0,10.9,4.0,22.0,0.0,52.0,13.0
Laviska Shenault Jr.,WR,73.0,227.0,4.58,0.0,17.0,0.0,0.0,0.0,1.0,42.0,2020.0,71.0,56.0,4.0,764.0,13.6,23.0,23.0,2.0,161.0,7.0
CeeDee Lamb,WR,74.0,198.0,4.5,34.5,11.0,124.0,0.0,0.0,1.0,17.0,2020.0,71.0,62.0,14.0,1327.0,21.4,9.0,21.0,1.0,20.0,2.2
Antonio Gandy-Golden,WR,76.0,223.0,4.6,36.0,22.0,127.0,7.33,4.55,1.0,142.0,2020.0,73.0,79.0,10.0,1396.0,17.7,0.0,0.0,0.0,0.0,0.0
Simi Fehoko,WR,75.0,222.0,4.44,34.5,16.0,120.0,6.78,4.26,1.0,179.0,2021.0,57.0,37.0,3.0,584.0,15.8,1.0,0.0,0.0,0.0,0.0
Dez Fitzpatrick,WR,73.0,208.0,4.43,35.0,0.0,0.0,7.09,4.26,1.0,109.0,2021.0,82.0,43.0,3.0,833.0,19.4,0.0,0.0,0.0,0.0,0.0
D'Wayne Eskridge,WR,68.0,190.0,4.38,35.0,0.0,124.0,6.93,4.22,1.0,56.0,2021.0,85.0,33.0,8.0,768.0,23.3,2.0,27.0,0.0,43.0,21.5
Brennan Eagles,WR,75.0,225.0,4.55,36.5,0.0,125.0,6.93,4.42,0.0,0.0,2021.0,59.0,28.0,5.0,469.0,16.8,0.0,0.0,0.0,0.0,0.0
Adrian Hardy,WR,73.0,205.0,4.61,37.5,12.0,124.0,6.96,4.5,0.0,0.0,2021.0,32.0,33.0,4.0,440.0,13.3,0.0,0.0,0.0,0.0,0.0
Jaylen Harris,WR,68.0,170.0,4.77,30.5,8.0,109.0,7.37,4.5,0.0,0.0,2021.0,0.0,0.0,0.0,0.0,0.0,0.0,0.0,0.0,0.0,0.0
Damon Hazelton,WR,0.0,0.0,4.6,37.5,0.0,0.0,0.0,0.0,0.0,0.0,2021.0,33.0,30.0,1.0,397.0,13.2,2.0,3.0,0.0,3.0,1.5
Bailey Gaither,WR,72.0,188.0,4.45,31.0,9.0,121.0,7.07,4.39,0.0,0.0,2021.0,69.0,41.0,4.0,725.0,17.7,0.0,0.0,0.0,0.0,0.0
Trevon Grimes,WR,76.0,220.0,4.49,35.0,15.0,118.0,6.98,4.28,0.0,0.0,2021.0,50.0,38.0,9.0,589.0,15.5,1.0,4.0,0.0,4.0,4.0
Amon-Ra St. Brown,WR,71.0,197.0,4.51,38.5,20.0,127.0,6.88,4.17,1.0,112.0,2021.0,48.0,41.0,7.0,478.0,11.7,0.0,0.0,0.0,0.0,0.0
Josh Blancato,WR,69.0,182.0,4.55,32.0,17.0,124.0,6.9,4.31,0.0,0.0,2021.0,0.0,0.0,0.0,0.0,0.0,0.0,0.0,0.0,0.0,0.0
Dyami Brown,WR,72.0,189.0,4.46,35.0,18.0,128.0,6.87,4.35,1.0,82.0,2021.0,87.0,54.0,8.0,1084.0,20.1,0.0,0.0,0.0,0.0,0.0
Tarik Black,WR,74.0,213.0,4.54,40.0,15.0,132.0,6.91,4.26,0.0,0.0,2021.0,72.0,10.0,1.0,240.0,24.0,0.0,0.0,0.0,0.0,0.0
Jonathan Adams,WR,74.0,210.0,4.59,39.0,0.0,132.0,7.04,4.38,0.0,0.0,2021.0,52.0,79.0,12.0,1111.0,14.1,0.0,0.0,0.0,0.0,0.0
Kawaan Baker,WR,72.0,210.0,4.44,39.5,21.0,129.0,7.42,4.41,0.0,0.0,2021.0,80.0,50.0,8.0,656.0,13.1,13.0,12.0,0.0,42.0,3.2
Rashod Bateman,WR,72.0,190.0,4.39,36.0,0.0,123.0,0.0,0.0,1.0,27.0,2021.0,39.0,36.0,2.0,472.0,13.1,0.0,0.0,0.0,0.0,0.0
Jaelon Darden,WR,67.0,174.0,4.47,35.5,0.0,122.0,6.66,3.98,1.0,129.0,2021.0,75.0,74.0,19.0,1190.0,16.1,1.0,0.0,0.0,0.0,0.0
Nico Collins,WR,76.0,215.0,4.43,37.5,14.0,125.0,6.78,4.29,1.0,89.0,2021.0,76.0,37.0,7.0,729.0,19.7,0.0,0.0,0.0,0.0,0.0
Damonte Coxie,WR,74.0,198.0,4.77,30.5,4.0,122.0,6.92,4.45,0.0,0.0,2021.0,26.0,16.0,1.0,187.0,11.7,0.0,0.0,0.0,0.0,0.0
Frank Darby,WR,72.0,201.0,4.56,34.5,19.0,117.0,7.05,4.25,1.0,187.0,2021.0,15.0,6.0,1.0,46.0,7.7,0.0,0.0,0.0,0.0,0.0
Jalen Camp,WR,73.0,226.0,4.48,39.5,29.0,125.0,7.0,4.14,0.0,0.0,2021.0,59.0,25.0,4.0,392.0,15.7,0.0,0.0,0.0,0.0,0.0
Ja'Marr Chase,WR,72.0,201.0,4.34,41.0,0.0,132.0,6.96,3.99,1.0,5.0,2021.0,78.0,84.0,20.0,1780.0,21.2,1.0,5.0,0.0,5.0,5.0
Ramaud Chiaokhiao-Bowman,WR,73.0,204.0,4.78,34.5,11.0,119.0,6.78,4.2,0.0,0.0,2021.0,36.0,41.0,5.0,520.0,12.7,1.0,0.0,0.0,0.0,0.0
Terry Godwin,WR,71.0,184.0,4.55,36.5,0.0,117.0,6.96,0.0,1.0,237.0,2019.0,75.0,22.0,3.0,373.0,17.0,0.0,0.0,0.0,0.0,0.0
Emanuel Hall,WR,74.0,201.0,4.39,43.5,15.0,141.0,0.0,0.0,0.0,0.0,2019.0,67.0,37.0,6.0,828.0,22.4,0.0,0.0,0.0,0.0,0.0
Mecole Hardman,WR,70.0,187.0,4.33,36.5,17.0,119.0,0.0,0.0,1.0,56.0,2019.0,59.0,34.0,7.0,532.0,15.6,5.0,30.0,0.0,36.0,7.2
Kelvin Harmon,WR,74.0,221.0,4.6,32.5,18.0,117.0,7.15,4.32,1.0,206.0,2019.0,74.0,74.0,6.0,1086.0,14.7,0.0,0.0,0.0,0.0,0.0
Jovon Durante,WR,71.0,160.0,4.55,31.5,0.0,120.0,7.0,4.31,0.0,0.0,2019.0,55.0,65.0,5.0,873.0,13.4,8.0,13.0,0.0,39.0,4.9
Johnnie Dixon,WR,70.0,201.0,4.41,37.5,16.0,120.0,0.0,4.43,0.0,0.0,2019.0,63.0,42.0,8.0,669.0,15.9,0.0,0.0,0.0,0.0,0.0
Greg Dortch,WR,67.0,173.0,0.0,0.0,0.0,0.0,0.0,0.0,0.0,0.0,2019.0,54.0,89.0,8.0,1078.0,12.1,5.0,11.0,0.0,20.0,4.0
Keelan Doss,WR,74.0,211.0,0.0,0.0,8.0,0.0,0.0,0.0,0.0,0.0,2019.0,22.0,24.0,0.0,191.0,8.0,0.0,0.0,0.0,0.0,0.0
Travis Fulgham,WR,74.0,215.0,4.58,36.5,15.0,126.0,0.0,0.0,1.0,184.0,2019.0,62.0,63.0,9.0,1083.0,17.2,0.0,0.0,0.0,0.0,0.0
Jazz Ferguson,WR,77.0,227.0,4.45,37.0,8.0,123.0,7.25,4.59,0.0,0.0,2019.0,71.0,4.0,1.0,129.0,32.3,0.0,0.0,0.0,0.0,0.0
N'Keal Harry,WR,74.0,228.0,4.53,38.5,27.0,122.0,0.0,0.0,1.0,32.0,2019.0,61.0,73.0,9.0,1088.0,14.9,7.0,6.0,1.0,10.0,1.4
Felton Davis,WR,75.0,211.0,0.0,0.0,21.0,0.0,0.0,0.0,0.0,0.0,2019.0,37.0,31.0,4.0,474.0,15.3,2.0,48.0,1.0,50.0,25.0
Damarkus Lodge,WR,74.0,202.0,4.55,33.5,11.0,119.0,7.06,4.53,0.0,0.0,2019.0,51.0,64.0,4.0,867.0,13.5,0.0,0.0,0.0,0.0,0.0
Keesean Johnson,WR,73.0,201.0,4.6,30.0,14.0,117.0,7.28,4.23,1.0,174.0,2019.0,45.0,95.0,8.0,1340.0,14.1,4.0,7.0,0.0,14.0,3.5
Lil'Jordan Humphrey,WR,76.0,210.0,4.75,33.5,13.0,119.0,7.09,4.29,0.0,0.0,2019.0,47.0,86.0,9.0,1176.0,13.7,6.0,11.0,1.0,25.0,4.2
Andy Isabella,WR,69.0,188.0,4.31,36.5,15.0,121.0,6.95,4.15,1.0,62.0,2019.0,89.0,101.0,13.0,1697.0,16.8,11.0,17.0,1.0,79.0,7.2
Gary Jennings,WR,73.0,214.0,4.42,37.0,20.0,127.0,7.32,4.15,1.0,120.0,2019.0,75.0,54.0,13.0,917.0,17.0,0.0,0.0,0.0,0.0,0.0
Diontae Johnson,WR,70.0,183.0,4.53,33.5,15.0,123.0,7.09,4.45,1.0,66.0,2019.0,80.0,49.0,8.0,761.0,15.5,2.0,11.0,0.0,17.0,8.5
Terry McLaurin,WR,72.0,208.0,4.35,37.5,18.0,125.0,7.01,4.15,1.0,76.0,2019.0,75.0,35.0,11.0,701.0,20.0,0.0,0.0,0.0,0.0,0.0
Cedrick Wilson,WR,74.0,197.0,4.55,37.0,9.0,121.0,6.89,4.23,1.0,208.0,2018.0,65.0,83.0,7.0,1511.0,18.2,9.0,9.0,0.0,13.0,1.4
Marquez Valdes-Scantling,WR,76.0,206.0,4.37,30.5,15.0,124.0,0.0,0.0,1.0,174.0,2018.0,95.0,53.0,6.0,879.0,16.6,8.0,75.0,1.0,108.0,13.5
James Washington,WR,71.0,213.0,4.54,34.5,14.0,120.0,7.11,4.32,1.0,60.0,2018.0,86.0,74.0,13.0,1549.0,20.9,3.0,11.0,1.0,12.0,4.0
Jester Weah,WR,74.0,211.0,4.43,38.0,15.0,129.0,7.24,4.41,0.0,0.0,2018.0,74.0,41.0,4.0,698.0,17.0,0.0,2.0,0.0,2.0,0.0
Karaun White,WR,73.0,206.0,4.52,33.5,24.0,118.0,7.16,4.57,0.0,0.0,2018.0,76.0,61.0,12.0,1004.0,16.5,0.0,0.0,0.0,0.0,0.0
Jake Wieneke,WR,76.0,221.0,4.67,34.0,9.0,114.0,7.24,4.37,0.0,0.0,2018.0,52.0,8.0,2.0,196.0,24.5,0.0,0.0,0.0,0.0,0.0
Danario Alexander,WR,77.0,215.0,4.62,0.0,0.0,0.0,0.0,0.0,0.0,0.0,2010.0,84.0,113.0,14.0,1781.0,15.8,1.0,10.0,0.0,10.0,10.0
Courtland Sutton,WR,75.0,218.0,4.54,35.5,18.0,124.0,6.57,4.11,1.0,40.0,2018.0,62.0,68.0,12.0,1085.0,16.0,1.0,2.0,1.0,2.0,2.0
Auden Tate,WR,77.0,228.0,4.68,31.0,0.0,112.0,0.0,0.0,1.0,253.0,2018.0,51.0,40.0,10.0,548.0,13.7,0.0,0.0,0.0,0.0,0.0
Javon Wims,WR,75.0,215.0,4.53,33.5,0.0,113.0,7.0,0.0,1.0,224.0,2018.0,38.0,46.0,7.0,724.0,15.7,0.0,0.0,0.0,0.0,0.0
Jamal Custis,WR,76.0,214.0,4.5,34.5,0.0,124.0,0.0,0.0,0.0,0.0,2019.0,68.0,51.0,6.0,906.0,17.8,1.0,0.0,0.0,0.0,0.0
Marquise Brown,WR,69.0,166.0,0.0,0.0,0.0,0.0,0.0,0.0,1.0,25.0,2019.0,77.0,75.0,10.0,1318.0,17.6,2.0,0.0,0.0,0.0,0.0
Emmanuel Butler,WR,75.0,217.0,0.0,36.0,11.0,115.0,0.0,4.22,0.0,0.0,2019.0,84.0,6.0,2.0,138.0,23.0,0.0,0.0,0.0,0.0,0.0
Hakeem Butler,WR,77.0,227.0,4.48,36.0,18.0,128.0,0.0,0.0,1.0,103.0,2019.0,83.0,60.0,9.0,1318.0,22.0,0.0,0.0,0.0,0.0,0.0
Parris Campbell,WR,72.0,205.0,4.31,40.0,11.0,135.0,0.0,4.03,1.0,59.0,2019.0,71.0,88.0,11.0,983.0,11.2,10.0,78.0,1.0,102.0,10.2
Tyre Brady,WR,75.0,211.0,0.0,32.0,12.0,117.0,0.0,4.25,0.0,0.0,2019.0,50.0,71.0,9.0,1002.0,14.1,1.0,14.0,0.0,14.0,14.0
Miles Boykin,WR,76.0,220.0,4.42,43.5,12.0,140.0,6.77,4.07,1.0,93.0,2019.0,40.0,59.0,8.0,872.0,14.8,0.0,0.0,0.0,0.0,0.0
J.J. Arcega-Whiteside,WR,74.0,225.0,0.0,0.0,0.0,0.0,0.0,0.0,1.0,57.0,2019.0,80.0,62.0,14.0,1040.0,16.8,0.0,0.0,0.0,0.0,0.0
Lynn Bowden,WR,71.0,204.0,0.0,0.0,13.0,0.0,0.0,0.0,1.0,80.0,2020.0,39.0,30.0,1.0,348.0,11.6,185.0,61.0,13.0,1468.0,7.9
Lawrence Cager,WR,77.0,220.0,0.0,0.0,0.0,0.0,0.0,0.0,0.0,0.0,2020.0,52.0,33.0,4.0,476.0,14.4,0.0,0.0,0.0,0.0,0.0
Marquez Callaway,WR,73.0,205.0,4.55,38.0,0.0,126.0,0.0,0.0,0.0,0.0,2020.0,73.0,30.0,6.0,635.0,21.2,0.0,0.0,0.0,0.0,0.0
Quintez Cephus,WR,73.0,202.0,4.73,38.5,23.0,124.0,7.2,4.33,1.0,166.0,2020.0,52.0,59.0,7.0,901.0,15.3,0.0,0.0,0.0,0.0,0.0
Brandon Aiyuk,WR,72.0,205.0,4.5,40.0,11.0,128.0,0.0,0.0,1.0,25.0,2020.0,86.0,65.0,8.0,1192.0,18.3,1.0,6.0,0.0,6.0,6.0
Omar Bayless,WR,73.0,212.0,4.62,36.0,11.0,123.0,7.35,4.5,0.0,0.0,2020.0,92.0,93.0,17.0,1661.0,17.9,0.0,0.0,0.0,0.0,0.0
Devin Duvernay,WR,70.0,200.0,4.39,35.5,0.0,123.0,7.13,4.2,1.0,92.0,2020.0,75.0,106.0,9.0,1386.0,13.1,10.0,13.0,1.0,24.0,2.4
Bryan Edwards,WR,75.0,212.0,0.0,0.0,0.0,0.0,0.0,0.0,1.0,81.0,2020.0,75.0,71.0,6.0,816.0,11.5,2.0,15.0,0.0,22.0,11.0
Chris Finke,WR,69.0,186.0,4.57,40.0,7.0,0.0,0.0,0.0,0.0,0.0,2020.0,54.0,41.0,4.0,456.0,11.1,2.0,7.0,0.0,2.0,1.0
Aaron Fuller,WR,71.0,188.0,4.59,34.0,0.0,118.0,7.14,0.0,0.0,0.0,2020.0,37.0,59.0,6.0,702.0,11.9,0.0,0.0,0.0,0.0,0.0
Isaiah Coulter,WR,74.0,198.0,4.45,36.0,0.0,121.0,7.28,4.62,1.0,171.0,2020.0,51.0,11.0,1.0,205.0,18.6,0.0,0.0,0.0,0.0,0.0
Chase Claypool,WR,76.0,238.0,4.42,40.5,19.0,126.0,0.0,0.0,1.0,49.0,2020.0,47.0,66.0,13.0,1037.0,15.7,0.0,0.0,0.0,0.0,0.0
Tyrie Cleveland,WR,74.0,209.0,4.46,39.5,13.0,126.0,0.0,0.0,1.0,252.0,2020.0,36.0,25.0,1.0,351.0,14.0,0.0,0.0,0.0,0.0,0.0
Gabriel Davis,WR,74.0,216.0,4.54,35.0,14.0,124.0,7.08,4.59,1.0,128.0,2020.0,73.0,72.0,12.0,1241.0,17.2,0.0,0.0,0.0,0.0,0.0
Quartney Davis,WR,73.0,201.0,4.54,35.5,0.0,0.0,0.0,0.0,0.0,0.0,2020.0,29.0,54.0,4.0,616.0,11.4,5.0,18.0,0.0,32.0,6.4
D.K. Metcalf,WR,75.0,228.0,4.33,40.5,27.0,134.0,7.38,4.5,1.0,64.0,2019.0,75.0,26.0,5.0,569.0,21.9,0.0,0.0,0.0,0.0,0.0
David Sills,WR,75.0,211.0,4.57,37.5,14.0,117.0,6.97,4.28,0.0,0.0,2019.0,103.0,65.0,15.0,986.0,34.6,0.0,14.0,0.0,14.0,0.0
Hunter Renfrow,WR,70.0,184.0,4.59,35.0,7.0,116.0,6.8,4.19,1.0,149.0,2019.0,40.0,49.0,1.0,544.0,11.1,0.0,0.0,0.0,0.0,0.0
Riley Ridley,WR,73.0,199.0,4.58,30.5,13.0,124.0,7.22,4.28,1.0,126.0,2019.0,35.0,44.0,9.0,570.0,13.0,0.0,0.0,0.0,0.0,0.0
Deebo Samuel,WR,71.0,214.0,4.48,39.0,15.0,122.0,7.03,4.14,1.0,36.0,2019.0,89.0,62.0,11.0,882.0,14.2,8.0,11.0,0.0,26.0,3.3
Stanley Morgan,WR,72.0,202.0,4.53,38.5,14.0,125.0,6.78,4.13,0.0,0.0,2019.0,67.0,70.0,7.0,1004.0,14.3,1.0,4.0,0.0,4.0,4.0
Jakobi Meyers,WR,74.0,203.0,4.63,37.0,13.0,118.0,7.07,4.23,0.0,0.0,2019.0,39.0,85.0,3.0,951.0,11.2,3.0,3.0,0.0,0.0,0.0
Dillon Mitchell,WR,73.0,197.0,4.46,36.5,12.0,122.0,0.0,4.29,1.0,239.0,2019.0,67.0,75.0,10.0,1184.0,15.8,1.0,5.0,0.0,5.0,5.0
Nyqwan Murray,WR,70.0,191.0,4.63,34.0,8.0,113.0,7.2,4.4,0.0,0.0,2019.0,58.0,54.0,3.0,744.0,13.8,5.0,14.0,0.0,4.0,0.8
Jamarius Way,WR,75.0,215.0,4.63,32.5,16.0,119.0,0.0,4.66,0.0,0.0,2019.0,73.0,61.0,8.0,855.0,14.0,1.0,1.0,0.0,1.0,1.0
Alex Wesley,WR,72.0,190.0,4.45,38.5,13.0,125.0,7.4,4.44,0.0,0.0,2019.0,52.0,5.0,2.0,102.0,20.4,0.0,0.0,0.0,0.0,0.0
Antoine Wesley,WR,76.0,206.0,0.0,37.0,6.0,117.0,7.07,4.26,0.0,0.0,2019.0,66.0,88.0,9.0,1410.0,16.0,1.0,0.0,0.0,0.0,0.0
Cody Thompson,WR,73.0,205.0,4.57,38.5,19.0,119.0,6.87,4.03,0.0,0.0,2019.0,38.0,48.0,10.0,647.0,13.5,0.0,0.0,0.0,0.0,0.0
Darius Slayton,WR,73.0,190.0,4.39,40.5,11.0,135.0,7.0,4.15,1.0,171.0,2019.0,74.0,35.0,5.0,670.0,19.1,0.0,0.0,0.0,0.0,0.0
Isaiah Weston,WR,76.0,214.0,4.42,40.0,20.0,135.0,0.0,0.0,0.0,0.0,2022.0,11.0,1.0,0.0,11.0,11.0,0.0,0.0,0.0,0.0,0.0
Jameson Williams,WR,74.0,179.0,0.0,0.0,0.0,0.0,0.0,0.0,1.0,12.0,2022.0,94.0,79.0,15.0,1572.0,19.9,3.0,18.0,0.0,23.0,7.7
Garrett Wilson,WR,72.0,183.0,4.38,36.0,0.0,123.0,0.0,4.36,1.0,10.0,2022.0,77.0,70.0,12.0,1058.0,15.1,4.0,51.0,1.0,76.0,19.0
Jalen Tolbert,WR,73.0,194.0,4.49,36.0,0.0,123.0,7.08,0.0,1.0,88.0,2022.0,68.0,82.0,8.0,1474.0,18.0,0.0,0.0,0.0,0.0,0.0
Braylon Sanders,WR,72.0,194.0,4.48,34.5,0.0,121.0,0.0,0.0,0.0,0.0,2022.0,68.0,24.0,4.0,549.0,22.9,1.0,6.0,0.0,6.0,6.0
Khalil Shakir,WR,72.0,196.0,4.43,34.5,0.0,124.0,7.28,4.21,1.0,148.0,2022.0,69.0,77.0,7.0,1117.0,14.5,21.0,33.0,0.0,130.0,6.2
Tyquan Thornton,WR,74.0,181.0,4.28,36.5,0.0,130.0,0.0,0.0,1.0,50.0,2022.0,75.0,62.0,10.0,948.0,15.3,1.0,0.0,0.0,0.0,0.0
Jason Brownlee,WR,74.0,198.0,4.59,39.5,16.0,131.0,0.0,0.0,0.0,0.0,2023.0,76.0,55.0,8.0,891.0,16.2,0.0,0.0,0.0,0.0,0.0
Jacob Copeland,WR,71.0,201.0,4.42,33.0,20.0,127.0,7.01,4.47,0.0,0.0,2023.0,45.0,26.0,2.0,376.0,14.5,1.0,0.0,0.0,0.0,0.0
Derius Davis,WR,68.0,165.0,4.36,0.0,0.0,0.0,0.0,4.38,1.0,125.0,2023.0,80.0,42.0,5.0,531.0,12.6,3.0,27.0,1.0,30.0,10.0
Nathaniel Dell,WR,68.0,165.0,4.49,0.0,0.0,121.0,0.0,0.0,1.0,69.0,2023.0,63.0,109.0,17.0,1398.0,12.8,4.0,3.0,0.0,9.0,2.3
Jordan Addison,WR,71.0,173.0,4.49,34.0,0.0,122.0,0.0,0.0,1.0,23.0,2023.0,75.0,59.0,8.0,875.0,14.8,4.0,17.0,0.0,33.0,8.3
Kayshon Boutte,WR,71.0,195.0,4.5,29.0,0.0,118.0,0.0,4.25,1.0,187.0,2023.0,53.0,48.0,2.0,538.0,11.2,1.0,41.0,0.0,41.0,41.0
Ronnie Bell,WR,72.0,191.0,4.54,38.5,14.0,120.0,6.98,4.15,1.0,253.0,2023.0,49.0,62.0,4.0,889.0,14.3,3.0,16.0,1.0,23.0,7.7
Jake Bobo,WR,76.0,206.0,0.0,0.0,0.0,0.0,0.0,0.0,0.0,0.0,2023.0,40.0,57.0,7.0,817.0,14.3,0.0,0.0,0.0,0.0,0.0
Justyn Ross,WR,76.0,205.0,0.0,0.0,11.0,0.0,0.0,0.0,0.0,0.0,2022.0,36.0,46.0,3.0,514.0,11.2,0.0,0.0,0.0,0.0,0.0
Demario Douglas,WR,68.0,179.0,4.44,39.5,0.0,134.0,0.0,4.29,0.0,0.0,2023.0,51.0,78.0,6.0,993.0,12.7,5.0,75.0,1.0,105.0,21.0
Velus Jones,WR,72.0,204.0,4.31,33.0,0.0,121.0,0.0,0.0,1.0,71.0,2022.0,72.0,62.0,7.0,807.0,13.0,1.0,15.0,0.0,15.0,15.0
Kevin Austin Jr.,WR,74.0,200.0,4.43,39.0,0.0,132.0,6.71,4.15,0.0,0.0,2022.0,70.0,48.0,7.0,888.0,18.5,1.0,8.0,0.0,8.0,8.0
Reggie Roberson Jr.,WR,71.0,192.0,0.0,29.0,0.0,114.0,0.0,0.0,0.0,0.0,2022.0,66.0,51.0,6.0,625.0,12.3,0.0,0.0,0.0,0.0,0.0
Drake London,WR,76.0,219.0,0.0,0.0,0.0,0.0,0.0,0.0,1.0,8.0,2022.0,44.0,88.0,7.0,1084.0,12.3,1.0,2.0,0.0,2.0,2.0
Danny Gray,WR,72.0,186.0,4.33,34.0,0.0,126.0,0.0,0.0,1.0,105.0,2022.0,68.0,49.0,9.0,803.0,16.4,3.0,27.0,0.0,40.0,13.3
Alec Pierce,WR,75.0,211.0,4.41,40.5,0.0,129.0,7.13,4.28,1.0,53.0,2022.0,53.0,52.0,8.0,884.0,17.0,0.0,0.0,0.0,0.0,0.0
Makai Polk,WR,75.0,195.0,4.59,31.0,0.0,119.0,0.0,4.36,0.0,0.0,2022.0,50.0,105.0,9.0,1046.0,10.0,0.0,0.0,0.0,0.0,0.0
Charleston Rambo,WR,73.0,177.0,4.57,33.5,0.0,118.0,0.0,0.0,0.0,0.0,2022.0,60.0,79.0,7.0,1172.0,14.8,0.0,0.0,0.0,0.0,0.0
Wan'Dale Robinson,WR,68.0,178.0,4.44,34.5,0.0,118.0,0.0,0.0,1.0,43.0,2022.0,79.0,104.0,7.0,1334.0,12.8,7.0,64.0,0.0,111.0,15.9
George Pickens,WR,75.0,195.0,4.47,33.0,0.0,125.0,0.0,0.0,1.0,52.0,2022.0,52.0,5.0,0.0,107.0,21.4,0.0,0.0,0.0,0.0,0.0
Kyle Philips,WR,71.0,189.0,4.58,33.5,0.0,124.0,0.0,0.0,1.0,163.0,2022.0,75.0,59.0,10.0,739.0,12.5,0.0,0.0,0.0,0.0,0.0
Bo Melton,WR,71.0,189.0,4.34,38.0,0.0,121.0,6.98,0.0,1.0,229.0,2022.0,57.0,55.0,3.0,618.0,11.2,9.0,13.0,0.0,51.0,5.7
John Metchie,WR,71.0,187.0,0.0,0.0,0.0,0.0,0.0,0.0,1.0,44.0,2022.0,46.0,96.0,8.0,1142.0,11.9,1.0,8.0,0.0,8.0,8.0
Skyy Moore,WR,70.0,195.0,4.41,34.5,0.0,125.0,7.13,4.32,1.0,54.0,2022.0,74.0,95.0,10.0,1292.0,13.6,1.0,10.0,0.0,10.0,10.0
Jalen Nailor,WR,71.0,186.0,4.5,38.0,0.0,128.0,7.03,4.28,1.0,191.0,2022.0,65.0,37.0,6.0,695.0,18.8,1.0,0.0,0.0,0.0,0.0
Chris Olave,WR,72.0,187.0,4.39,32.0,0.0,124.0,0.0,0.0,1.0,11.0,2022.0,61.0,65.0,13.0,936.0,14.4,0.0,0.0,0.0,0.0,0.0
Josh Downs,WR,69.0,171.0,4.48,38.5,0.0,131.0,0.0,0.0,1.0,79.0,2023.0,43.0,94.0,11.0,1029.0,10.9,0.0,0.0,0.0,0.0,0.0
Jayden Reed,WR,71.0,187.0,4.45,33.5,0.0,121.0,0.0,4.29,1.0,50.0,2023.0,35.0,55.0,5.0,636.0,11.6,4.0,17.0,0.0,11.0,2.8
Rashee Rice,WR,73.0,204.0,4.51,41.0,0.0,128.0,0.0,0.0,1.0,55.0,2023.0,75.0,96.0,10.0,1355.0,14.1,0.0,0.0,0.0,0.0,0.0
A.T. Perry,WR,76.0,198.0,4.47,35.0,0.0,133.0,0.0,0.0,1.0,195.0,2023.0,68.0,81.0,11.0,1096.0,13.5,0.0,0.0,0.0,0.0,0.0
Marvin Mims,WR,71.0,183.0,4.38,39.5,0.0,129.0,6.9,0.0,1.0,63.0,2023.0,77.0,54.0,6.0,1083.0,20.1,2.0,4.0,0.0,3.0,1.5
Jonathan Mingo,WR,74.0,220.0,4.46,39.5,22.0,129.0,0.0,0.0,1.0,39.0,2023.0,72.0,51.0,5.0,862.0,16.9,4.0,2.0,1.0,0.0,0.0
Puka Nacua,WR,74.0,201.0,0.0,0.0,0.0,0.0,0.0,0.0,1.0,177.0,2023.0,46.0,48.0,5.0,625.0,13.0,25.0,75.0,5.0,209.0,8.4
Joseph Ngata,WR,75.0,217.0,4.54,34.5,0.0,124.0,0.0,0.0,0.0,0.0,2023.0,46.0,41.0,2.0,526.0,12.8,0.0,0.0,0.0,0.0,0.0
Trey Palmer,WR,72.0,192.0,4.33,0.0,0.0,0.0,0.0,0.0,1.0,191.0,2023.0,87.0,71.0,9.0,1043.0,14.7,5.0,60.0,0.0,75.0,15.0
Justin Shorter,WR,76.0,229.0,4.55,35.5,18.0,126.0,0.0,0.0,1.0,150.0,2023.0,67.0,34.0,3.0,443.0,13.0,1.0,0.0,0.0,0.0,0.0
Parker Washington,WR,70.0,204.0,0.0,0.0,16.0,0.0,0.0,0.0,1.0,185.0,2023.0,58.0,46.0,2.0,611.0,13.3,2.0,4.0,0.0,8.0,4.0
Jalen Wayne,WR,74.0,210.0,4.51,34.5,0.0,124.0,0.0,0.0,0.0,0.0,2023.0,64.0,58.0,9.0,819.0,14.1,0.0,0.0,0.0,0.0,0.0
Dontayvion Wicks,WR,73.0,206.0,4.62,39.0,0.0,130.0,0.0,0.0,1.0,159.0,2023.0,44.0,30.0,2.0,430.0,14.3,0.0,0.0,0.0,0.0,0.0
Michael Wilson,WR,74.0,213.0,4.58,37.5,23.0,125.0,0.0,4.27,1.0,94.0,2023.0,78.0,26.0,4.0,418.0,16.1,4.0,18.0,0.0,47.0,11.8
Tre Tucker,WR,69.0,182.0,4.4,37.5,0.0,124.0,0.0,0.0,1.0,100.0,2023.0,55.0,52.0,3.0,672.0,12.9,1.0,8.0,0.0,8.0,8.0
Jaxon Smith-Njigba,WR,73.0,196.0,0.0,35.0,0.0,125.0,6.57,3.93,1.0,20.0,2023.0,21.0,5.0,0.0,43.0,8.6,0.0,0.0,0.0,0.0,0.0
Cedric Tillman,WR,75.0,213.0,4.54,37.0,0.0,128.0,0.0,0.0,1.0,74.0,2023.0,61.0,37.0,3.0,417.0,11.3,0.0,0.0,0.0,0.0,0.0
Mitchell Tinsley,WR,72.0,199.0,4.6,35.5,14.0,120.0,0.0,4.21,0.0,0.0,2023.0,34.0,51.0,5.0,577.0,11.3,0.0,0.0,0.0,0.0,0.0
Grant DuBose,WR,74.0,201.0,4.57,35.0,0.0,125.0,6.89,4.32,0.0,0.0,2023.0,52.0,64.0,9.0,792.0,12.4,0.0,0.0,0.0,0.0,0.0
Rakim Jarrett,WR,72.0,192.0,4.44,35.5,13.0,123.0,0.0,0.0,0.0,0.0,2023.0,49.0,40.0,3.0,471.0,11.8,3.0,10.0,0.0,15.0,5.0
Malik Heath,WR,74.0,213.0,4.64,34.0,0.0,124.0,6.96,4.46,0.0,0.0,2023.0,53.0,60.0,5.0,971.0,16.2,0.0,0.0,0.0,0.0,0.0
Elijah Higgins,WR,75.0,235.0,4.54,35.0,0.0,126.0,7.01,0.0,1.0,197.0,2023.0,51.0,59.0,2.0,704.0,11.9,4.0,18.0,0.0,48.0,12.0
Xavier Hutchinson,WR,74.0,203.0,4.53,36.0,0.0,116.0,6.91,4.35,1.0,205.0,2023.0,38.0,107.0,6.0,1171.0,10.9,0.0,0.0,0.0,0.0,0.0
Jalin Hyatt,WR,72.0,176.0,4.4,40.0,0.0,135.0,0.0,0.0,1.0,73.0,2023.0,78.0,67.0,15.0,1267.0,18.9,1.0,0.0,0.0,0.0,0.0
Andrei Iosivas,WR,75.0,205.0,4.43,39.0,19.0,128.0,6.85,4.12,0.0,0.0,2023.0,65.0,66.0,7.0,943.0,14.3,4.0,12.0,0.0,10.0,2.5
Jadon Haselwood,WR,74.0,215.0,4.66,37.0,0.0,123.0,6.98,4.31,0.0,0.0,2023.0,68.0,59.0,3.0,702.0,11.9,8.0,8.0,0.0,7.0,0.9
Zay Flowers,WR,69.0,182.0,4.42,35.5,0.0,127.0,0.0,0.0,1.0,22.0,2023.0,69.0,78.0,12.0,1077.0,13.8,12.0,22.0,0.0,40.0,3.3
Antoine Green,WR,74.0,199.0,4.47,33.5,0.0,123.0,6.99,4.27,1.0,219.0,2023.0,80.0,43.0,7.0,798.0,18.6,0.0,0.0,0.0,0.0,0.0
Kearis Jackson,WR,71.0,196.0,4.55,0.0,0.0,126.0,0.0,0.0,0.0,0.0,2023.0,35.0,21.0,0.0,320.0,15.2,1.0,0.0,0.0,0.0,0.0
Michael Jefferson,WR,76.0,199.0,4.56,37.0,16.0,133.0,7.03,4.56,0.0,0.0,2023.0,63.0,51.0,7.0,810.0,15.9,0.0,0.0,0.0,0.0,0.0
Jaray Jenkins,WR,74.0,204.0,4.6,29.5,20.0,0.0,0.0,0.0,0.0,0.0,2023.0,54.0,27.0,6.0,404.0,15.0,0.0,0.0,0.0,0.0,0.0
Malik Knowles,WR,74.0,196.0,0.0,0.0,0.0,0.0,0.0,0.0,0.0,0.0,2023.0,68.0,48.0,2.0,725.0,15.1,8.0,75.0,3.0,164.0,20.5
Matt Landers,WR,76.0,200.0,4.37,37.0,0.0,130.0,0.0,0.0,0.0,0.0,2023.0,59.0,47.0,8.0,901.0,19.2,2.0,15.0,0.0,21.0,10.5
CJ Johnson,WR,74.0,224.0,0.0,0.0,0.0,0.0,0.0,0.0,0.0,0.0,2023.0,11.0,4.0,0.0,32.0,8.0,0.0,0.0,0.0,0.0,0.0
Quentin Johnston,WR,75.0,208.0,0.0,40.5,0.0,134.0,0.0,0.0,1.0,21.0,2023.0,76.0,60.0,6.0,1069.0,17.8,3.0,2.0,0.0,0.0,0.0
Charlie Jones,WR,71.0,175.0,4.43,36.5,13.0,124.0,0.0,0.0,1.0,131.0,2023.0,60.0,110.0,12.0,1361.0,12.4,2.0,2.0,0.0,3.0,1.5
Dontay Demus Jr.,WR,75.0,212.0,4.57,35.5,0.0,123.0,0.0,4.39,0.0,0.0,2023.0,35.0,22.0,1.0,233.0,10.6,0.0,0.0,0.0,0.0,0.0
Ty Fryfogle,WR,73.0,204.0,4.53,39.0,0.0,127.0,0.0,0.0,0.0,0.0,2022.0,52.0,46.0,1.0,512.0,11.1,4.0,13.0,0.0,34.0,8.5
Dazz Newsome,WR,70.0,190.0,4.59,34.0,12.0,121.0,7.38,4.38,1.0,221.0,2021.0,75.0,54.0,6.0,684.0,12.7,2.0,15.0,1.0,21.0,10.5
Tre Nixon,WR,72.0,187.0,4.44,35.5,18.0,125.0,6.81,4.27,1.0,242.0,2021.0,51.0,18.0,2.0,258.0,14.3,0.0,0.0,0.0,0.0,0.0
Antonio Nunn,WR,71.0,204.0,4.5,33.5,15.0,120.0,7.12,4.32,0.0,0.0,2021.0,82.0,36.0,2.0,579.0,16.1,0.0,0.0,0.0,0.0,0.0
Elijah Moore,WR,0.0,0.0,4.35,36.0,17.0,121.0,6.63,4.07,1.0,34.0,2021.0,91.0,86.0,8.0,1193.0,13.9,14.0,13.0,0.0,64.0,4.6
Rondale Moore,WR,67.0,180.0,4.28,42.5,0.0,0.0,6.65,4.06,1.0,49.0,2021.0,33.0,35.0,0.0,270.0,7.7,6.0,11.0,1.0,32.0,5.3
Jonathan Nance,WR,0.0,0.0,0.0,0.0,0.0,0.0,0.0,0.0,0.0,0.0,2021.0,64.0,31.0,4.0,458.0,14.8,1.0,4.0,0.0,4.0,4.0
Amari Rodgers,WR,69.0,212.0,4.52,33.0,19.0,121.0,7.07,4.31,1.0,85.0,2021.0,83.0,77.0,7.0,1020.0,13.2,0.0,0.0,0.0,0.0,0.0
Whop Philyor,WR,69.0,184.0,4.57,31.0,14.0,120.0,7.2,4.34,0.0,0.0,2021.0,63.0,54.0,3.0,495.0,9.2,1.0,8.0,0.0,8.0,8.0
Cornell Powell,WR,72.0,204.0,4.53,36.5,16.0,128.0,7.03,4.21,1.0,181.0,2021.0,70.0,53.0,7.0,882.0,16.6,0.0,0.0,0.0,0.0,0.0
Blake Proehl,WR,73.0,186.0,4.47,36.0,12.0,126.0,7.0,4.06,0.0,0.0,2021.0,75.0,47.0,4.0,577.0,12.3,0.0,0.0,0.0,0.0,0.0
Dax Milne,WR,0.0,0.0,4.54,31.0,14.0,114.0,0.0,4.19,1.0,258.0,2021.0,78.0,70.0,8.0,1189.0,17.0,11.0,15.0,0.0,67.0,6.1
Johnathon Johnson,WR,0.0,0.0,0.0,0.0,0.0,0.0,0.0,0.0,0.0,0.0,2021.0,29.0,29.0,0.0,294.0,10.1,1.0,13.0,0.0,13.0,13.0
Terrace Marshall Jr.,WR,74.0,205.0,4.4,39.0,19.0,125.0,0.0,0.0,0.0,0.0,2021.0,75.0,48.0,10.0,731.0,15.2,0.0,0.0,0.0,0.0,0.0
Josh Imatorbhebhe,WR,72.0,218.0,4.53,46.5,24.0,134.0,7.1,4.38,0.0,0.0,2021.0,52.0,22.0,3.0,297.0,13.5,0.0,0.0,0.0,0.0,0.0
Warren Jackson,WR,78.0,219.0,4.68,33.5,0.0,123.0,7.81,4.53,0.0,0.0,2021.0,87.0,77.0,8.0,1119.0,14.5,0.0,0.0,0.0,0.0,0.0
Khalil McClain,WR,74.0,214.0,4.7,32.0,15.0,114.0,7.72,4.5,0.0,0.0,2021.0,40.0,32.0,6.0,383.0,12.0,2.0,12.0,0.0,18.0,9.0
Isaiah McKoy,WR,74.0,200.0,4.68,29.5,12.0,114.0,7.09,4.36,0.0,0.0,2021.0,75.0,25.0,5.0,455.0,18.2,0.0,0.0,0.0,0.0,0.0
Racey McMath,WR,74.0,217.0,4.36,34.0,0.0,124.0,7.38,4.38,1.0,205.0,2021.0,30.0,14.0,1.0,195.0,13.9,0.0,0.0,0.0,0.0,0.0
Branden Mack,WR,77.0,217.0,4.66,31.0,11.0,115.0,7.13,4.37,0.0,0.0,2021.0,41.0,26.0,3.0,291.0,11.2,4.0,10.0,0.0,19.0,4.8
Adam Krumholz,WR,72.0,193.0,4.6,35.5,11.0,118.0,7.03,4.28,0.0,0.0,2021.0,23.0,3.0,0.0,47.0,15.7,1.0,0.0,0.0,0.0,0.0
Riley Lees,WR,71.0,192.0,4.47,35.0,7.0,119.0,6.78,4.16,0.0,0.0,2021.0,27.0,20.0,2.0,214.0,10.7,7.0,7.0,0.0,0.0,0.0
Anthony Schwartz,WR,72.0,186.0,4.27,32.0,0.0,123.0,7.13,4.25,1.0,91.0,2021.0,91.0,54.0,3.0,652.0,12.1,4.0,1.0,0.0,0.0,0.0
Calvin Austin,WR,68.0,170.0,4.32,39.0,0.0,135.0,6.65,4.07,1.0,138.0,2022.0,75.0,74.0,8.0,1149.0,15.5,1.0,69.0,1.0,69.0,69.0
David Bell,WR,73.0,212.0,4.65,33.0,0.0,118.0,7.14,4.57,1.0,99.0,2022.0,60.0,93.0,6.0,1286.0,13.8,3.0,26.0,0.0,39.0,13.0
Slade Bolden,WR,71.0,193.0,4.66,32.0,0.0,116.0,0.0,0.0,0.0,0.0,2022.0,29.0,42.0,3.0,408.0,9.7,1.0,0.0,0.0,0.0,0.0
Marlon Williams,WR,71.0,209.0,4.63,33.5,14.0,119.0,0.0,4.57,0.0,0.0,2021.0,85.0,69.0,10.0,1017.0,14.7,0.0,0.0,0.0,0.0,0.0
Dai'Jean Dixon,WR,75.0,205.0,4.62,34.0,0.0,125.0,7.28,4.42,0.0,0.0,2022.0,28.0,21.0,2.0,305.0,14.5,0.0,0.0,0.0,0.0,0.0
Jahan Dotson,WR,71.0,178.0,4.43,36.0,0.0,121.0,7.28,0.0,1.0,16.0,2022.0,86.0,91.0,12.0,1182.0,13.0,6.0,7.0,1.0,18.0,3.0
Romeo Doubs,WR,74.0,201.0,0.0,0.0,0.0,0.0,0.0,0.0,1.0,132.0,2022.0,66.0,80.0,11.0,1109.0,13.9,1.0,4.0,0.0,4.0,4.0
Dontario Drummond,WR,73.0,215.0,4.65,34.0,0.0,122.0,0.0,0.0,0.0,0.0,2022.0,67.0,76.0,8.0,1028.0,13.5,6.0,11.0,1.0,40.0,6.7
Erik Ezukanma,WR,74.0,209.0,0.0,36.5,0.0,126.0,0.0,4.38,1.0,125.0,2022.0,75.0,48.0,4.0,705.0,14.7,10.0,45.0,2.0,138.0,13.8
Treylon Burks,WR,74.0,225.0,4.55,33.0,0.0,122.0,7.28,0.0,1.0,18.0,2022.0,91.0,66.0,11.0,1104.0,16.7,14.0,49.0,1.0,112.0,8.0
Dillon Stoner,WR,72.0,194.0,4.51,37.0,16.0,123.0,6.96,4.13,0.0,0.0,2021.0,75.0,42.0,4.0,573.0,13.6,0.0,0.0,0.0,0.0,0.0
Eli Stove,WR,71.0,194.0,4.54,30.5,14.0,119.0,7.34,4.4,0.0,0.0,2021.0,38.0,44.0,3.0,359.0,8.2,7.0,12.0,0.0,51.0,7.3
Sage Surratt,WR,74.0,209.0,4.66,0.0,18.0,0.0,0.0,4.25,0.0,0.0,2021.0,70.0,66.0,11.0,1001.0,15.2,0.0,0.0,0.0,0.0,0.0
Marquez Stevenson,WR,70.0,180.0,4.48,33.0,0.0,122.0,6.76,4.14,1.0,203.0,2021.0,51.0,20.0,4.0,307.0,15.4,3.0,14.0,0.0,16.0,5.3
Ben Skowronek,WR,74.0,220.0,0.0,0.0,13.0,0.0,0.0,0.0,0.0,0.0,2021.0,73.0,29.0,5.0,439.0,15.1,2.0,13.0,1.0,17.0,8.5
Ihmir Smith-Marsette,WR,72.0,181.0,4.43,37.0,0.0,124.0,7.0,4.2,1.0,157.0,2021.0,53.0,25.0,4.0,345.0,13.8,7.0,31.0,1.0,54.0,7.7
Tamorrion Terry,WR,74.0,207.0,4.44,32.5,15.0,126.0,7.0,4.53,0.0,0.0,2021.0,48.0,23.0,1.0,289.0,12.6,2.0,4.0,0.0,0.0,0.0
Tre Walker,WR,70.0,178.0,4.58,28.0,0.0,113.0,7.75,4.47,0.0,0.0,2021.0,55.0,45.0,4.0,627.0,13.9,0.0,0.0,0.0,0.0,0.0
Tylan Wallace,WR,71.0,194.0,4.48,33.0,11.0,112.0,6.97,4.25,1.0,131.0,2021.0,55.0,59.0,6.0,917.0,15.5,1.0,7.0,0.0,7.0,7.0
Connor Wedington,WR,72.0,196.0,4.47,38.5,13.0,117.0,6.66,4.07,0.0,0.0,2021.0,28.0,15.0,0.0,159.0,10.6,0.0,0.0,0.0,0.0,0.0
Tyler Vaughns,WR,73.0,190.0,4.62,31.5,7.0,120.0,7.13,4.36,0.0,0.0,2021.0,42.0,33.0,3.0,406.0,12.3,0.0,0.0,0.0,0.0,0.0
Kadarius Toney,WR,71.0,193.0,4.39,39.5,9.0,136.0,6.88,4.25,1.0,20.0,2021.0,57.0,70.0,10.0,984.0,14.1,19.0,50.0,1.0,161.0,8.5
Jaleel Scott,WR,77.0,218.0,4.56,34.5,16.0,124.0,7.2,4.4,1.0,132.0,2018.0,41.0,76.0,9.0,1079.0,14.2,0.0,0.0,0.0,0.0,0.0
Josh Boyce,WR,71.0,206.0,4.38,34.0,22.0,131.0,6.68,4.1,1.0,102.0,2013.0,94.0,66.0,7.0,891.0,13.5,3.0,3.0,1.0,6.0,2.0
Stedman Bailey,WR,70.0,193.0,4.52,34.5,11.0,117.0,6.81,4.09,1.0,92.0,2013.0,87.0,114.0,25.0,1622.0,14.2,2.0,13.0,0.0,13.0,6.5
Tavon Austin,WR,68.0,174.0,4.34,32.0,14.0,120.0,0.0,4.01,1.0,8.0,2013.0,75.0,114.0,12.0,1289.0,11.3,72.0,74.0,3.0,643.0,8.9
Nick Toon,WR,74.0,215.0,4.49,37.5,18.0,0.0,0.0,0.0,1.0,122.0,2012.0,59.0,64.0,10.0,926.0,14.5,0.0,0.0,0.0,0.0,0.0
Jarius Wright,WR,70.0,182.0,4.39,38.0,11.0,120.0,6.93,4.03,1.0,118.0,2012.0,68.0,66.0,12.0,1117.0,16.9,0.0,0.0,0.0,0.0,0.0
Kendall Wright,WR,70.0,196.0,4.49,38.5,0.0,121.0,6.93,4.18,1.0,20.0,2012.0,87.0,108.0,14.0,1663.0,15.4,10.0,19.0,0.0,72.0,7.2
Devon Wylie,WR,69.0,187.0,4.36,39.0,17.0,123.0,0.0,0.0,1.0,107.0,2012.0,71.0,56.0,1.0,716.0,12.8,8.0,17.0,0.0,48.0,6.0
Keenan Allen,WR,74.0,206.0,4.58,0.0,0.0,0.0,0.0,0.0,1.0,76.0,2013.0,69.0,61.0,6.0,737.0,12.1,3.0,39.0,1.0,39.0,13.0
Aaron Dobson,WR,75.0,210.0,4.37,0.0,0.0,0.0,0.0,0.0,1.0,59.0,2013.0,40.0,57.0,3.0,679.0,11.9,0.0,0.0,0.0,0.0,0.0
Mark Harrison,WR,75.0,231.0,4.46,38.5,17.0,129.0,6.99,4.33,0.0,0.0,2013.0,71.0,44.0,6.0,583.0,13.3,0.0,0.0,0.0,0.0,0.0
DeAndre Hopkins,WR,73.0,214.0,4.57,36.0,15.0,115.0,0.0,4.5,1.0,27.0,2013.0,62.0,82.0,18.0,1405.0,17.1,0.0,0.0,0.0,0.0,0.0
Justin Hunter,WR,76.0,196.0,4.44,39.5,0.0,136.0,0.0,4.33,1.0,34.0,2013.0,46.0,73.0,9.0,1083.0,14.8,0.0,0.0,0.0,0.0,0.0
Cobi Hamilton,WR,74.0,212.0,4.56,29.5,11.0,107.0,0.0,4.31,1.0,197.0,2013.0,80.0,90.0,5.0,1335.0,14.8,0.0,0.0,0.0,0.0,0.0
Marquise Goodwin,WR,69.0,183.0,4.27,0.0,13.0,132.0,0.0,0.0,1.0,78.0,2013.0,55.0,26.0,3.0,340.0,13.1,13.0,69.0,3.0,140.0,10.8
Tommy Streeter,WR,77.0,219.0,4.37,33.0,17.0,125.0,7.08,0.0,1.0,198.0,2012.0,57.0,46.0,8.0,811.0,17.6,0.0,0.0,0.0,0.0,0.0
Rishard Matthews,WR,72.0,217.0,4.54,36.0,20.0,0.0,6.88,4.19,1.0,227.0,2012.0,90.0,91.0,8.0,1364.0,15.0,5.0,9.0,0.0,0.0,0.0
Jerrell Jackson,WR,72.0,196.0,4.5,41.0,22.0,127.0,6.82,4.11,0.0,0.0,2012.0,25.0,17.0,1.0,222.0,13.1,2.0,7.0,0.0,8.0,4.0
Alshon Jeffery,WR,75.0,216.0,4.48,0.0,0.0,0.0,0.0,0.0,1.0,45.0,2012.0,78.0,49.0,8.0,762.0,15.6,0.0,0.0,0.0,0.0,0.0
A.J. Jenkins,WR,72.0,190.0,4.37,38.5,12.0,124.0,0.0,0.0,1.0,30.0,2012.0,77.0,90.0,8.0,1276.0,14.2,5.0,16.0,0.0,26.0,5.2
Dwight Jones,WR,75.0,230.0,4.51,33.0,14.0,109.0,0.0,0.0,0.0,0.0,2012.0,66.0,85.0,12.0,1196.0,14.1,2.0,7.0,0.0,11.0,5.5
Jermaine Kearse,WR,73.0,209.0,4.5,34.0,14.0,119.0,7.03,4.12,0.0,0.0,2012.0,80.0,47.0,7.0,699.0,14.9,2.0,7.0,1.0,13.0,6.5
Keshawn Martin,WR,71.0,188.0,4.42,39.5,13.0,122.0,6.85,4.13,1.0,121.0,2012.0,67.0,66.0,4.0,777.0,11.8,19.0,34.0,2.0,113.0,5.9
T.Y. Hilton,WR,69.0,183.0,4.34,0.0,0.0,0.0,0.0,0.0,1.0,92.0,2012.0,83.0,69.0,6.0,1022.0,14.8,16.0,31.0,1.0,114.0,7.1
Darius Hanks,WR,72.0,184.0,4.52,34.0,11.0,117.0,0.0,0.0,0.0,0.0,2012.0,36.0,26.0,1.0,328.0,12.6,0.0,0.0,0.0,0.0,0.0
Chris Givens,WR,71.0,198.0,4.35,33.5,19.0,118.0,6.97,4.23,1.0,96.0,2012.0,110.0,143.0,14.0,2025.0,27.6,16.0,21.0,0.0,78.0,6.0
Stephen Hill,WR,76.0,215.0,4.36,39.5,14.0,133.0,6.88,4.48,1.0,43.0,2012.0,82.0,28.0,5.0,820.0,29.3,4.0,24.0,0.0,29.0,7.3
Junior Hemingway,WR,73.0,225.0,4.48,35.5,21.0,124.0,6.59,3.98,1.0,238.0,2012.0,77.0,33.0,4.0,662.0,20.1,0.0,0.0,0.0,0.0,0.0
Marquis Maze,WR,68.0,186.0,4.51,33.5,0.0,112.0,0.0,0.0,0.0,0.0,2012.0,69.0,56.0,1.0,627.0,11.2,6.0,6.0,0.0,0.0,0.0
Marvin McNutt,WR,75.0,216.0,4.48,37.0,0.0,122.0,7.15,4.07,1.0,194.0,2012.0,88.0,82.0,12.0,1315.0,16.0,6.0,19.0,0.0,58.0,9.7
Rueben Randle,WR,75.0,210.0,4.55,31.0,15.0,121.0,6.99,4.36,1.0,63.0,2012.0,59.0,53.0,8.0,917.0,17.3,0.0,0.0,0.0,0.0,0.0
Gerell Robinson,WR,75.0,227.0,4.54,35.5,0.0,113.0,0.0,4.15,0.0,0.0,2012.0,58.0,77.0,7.0,1397.0,18.1,0.0,0.0,0.0,0.0,0.0
James Rodgers,WR,67.0,184.0,4.61,37.0,19.0,115.0,0.0,4.23,0.0,0.0,2012.0,31.0,45.0,3.0,514.0,11.4,11.0,19.0,0.0,75.0,6.8
Mohamed Sanu,WR,73.0,211.0,4.62,36.0,19.0,126.0,6.88,4.22,1.0,83.0,2012.0,32.0,115.0,7.0,1206.0,10.5,4.0,8.0,0.0,0.0,0.0
DeVier Posey,WR,74.0,211.0,4.39,36.5,14.0,123.0,7.03,4.15,1.0,68.0,2012.0,43.0,12.0,2.0,162.0,13.5,1.0,0.0,0.0,0.0,0.0
Derek Moye,WR,76.0,209.0,4.46,33.5,10.0,115.0,0.0,4.23,0.0,0.0,2012.0,74.0,40.0,3.0,654.0,16.4,2.0,15.0,0.0,8.0,4.0
Kashif Moore,WR,69.0,180.0,4.36,43.5,19.0,126.0,6.82,4.05,0.0,0.0,2012.0,62.0,41.0,5.0,604.0,14.7,9.0,7.0,1.0,25.0,2.8
Chris Owusu,WR,72.0,196.0,4.36,40.5,19.0,129.0,6.85,4.11,0.0,0.0,2012.0,43.0,35.0,2.0,376.0,10.7,2.0,45.0,0.0,78.0,39.0
Eric Page,WR,69.0,186.0,4.5,30.0,15.0,112.0,6.95,3.98,0.0,0.0,2012.0,66.0,109.0,9.0,1037.0,9.5,3.0,10.0,0.0,10.0,3.3
Brandin Cooks,WR,70.0,189.0,4.33,36.0,16.0,120.0,6.76,3.81,1.0,20.0,2014.0,55.0,128.0,16.0,1730.0,13.5,32.0,29.0,2.0,217.0,6.8
Damian Copeland,WR,71.0,184.0,4.5,40.0,12.0,120.0,6.53,3.9,0.0,0.0,2014.0,47.0,58.0,5.0,780.0,13.4,3.0,15.0,0.0,21.0,7.0
Bruce Ellington,WR,69.0,197.0,4.45,39.5,15.0,120.0,6.69,3.95,1.0,106.0,2014.0,53.0,49.0,8.0,775.0,15.8,3.0,7.0,0.0,14.0,4.7
Quincy Enunwa,WR,74.0,225.0,4.41,0.0,19.0,0.0,0.0,0.0,1.0,209.0,2014.0,99.0,51.0,12.0,753.0,14.8,3.0,4.0,0.0,0.0,0.0
Trey Burton,WR,74.0,224.0,4.62,30.0,0.0,112.0,7.14,4.32,0.0,0.0,2014.0,26.0,38.0,1.0,445.0,11.7,12.0,50.0,0.0,56.0,4.7
Isaiah Burse,WR,70.0,188.0,4.58,31.0,16.0,115.0,6.74,3.94,0.0,0.0,2014.0,52.0,99.0,6.0,1026.0,10.4,9.0,26.0,2.0,81.0,9.0
Kelvin Benjamin,WR,77.0,240.0,4.61,32.5,13.0,119.0,7.33,4.39,1.0,28.0,2014.0,56.0,54.0,15.0,1011.0,18.7,0.0,0.0,0.0,0.0,0.0
Chris Boyd,WR,76.0,206.0,4.73,0.0,12.0,0.0,0.0,0.0,0.0,0.0,2014.0,60.0,50.0,5.0,774.0,15.5,0.0,0.0,0.0,0.0,0.0
Martavis Bryant,WR,76.0,211.0,4.42,39.0,16.0,124.0,7.18,4.15,1.0,118.0,2014.0,76.0,42.0,7.0,828.0,19.7,0.0,0.0,0.0,0.0,0.0
Austin Franklin,WR,71.0,189.0,4.56,36.0,7.0,124.0,7.07,4.33,0.0,0.0,2014.0,85.0,52.0,7.0,670.0,12.9,14.0,12.0,0.0,69.0,4.9
Odell Beckham Jr.,WR,71.0,198.0,4.38,38.5,7.0,122.0,6.69,3.94,1.0,12.0,2014.0,63.0,59.0,8.0,1152.0,19.5,5.0,20.0,0.0,58.0,11.6
Cody Latimer,WR,74.0,215.0,4.52,0.0,23.0,0.0,0.0,0.0,1.0,56.0,2014.0,77.0,72.0,9.0,1096.0,15.2,0.0,0.0,0.0,0.0,0.0
Marqise Lee,WR,72.0,192.0,4.52,38.0,0.0,127.0,0.0,4.01,1.0,39.0,2014.0,80.0,57.0,4.0,791.0,13.9,6.0,8.0,0.0,7.0,1.2
Allen Hurns,WR,73.0,198.0,4.55,31.0,14.0,120.0,7.23,4.5,0.0,0.0,2014.0,84.0,62.0,6.0,1162.0,18.7,1.0,13.0,0.0,13.0,13.0
Josh Huff,WR,71.0,206.0,4.51,35.5,14.0,116.0,0.0,0.0,1.0,86.0,2014.0,65.0,62.0,12.0,1140.0,18.4,6.0,12.0,0.0,28.0,4.7
Jeremy Gallon,WR,67.0,185.0,4.49,0.0,15.0,0.0,0.0,0.0,1.0,244.0,2014.0,84.0,89.0,9.0,1373.0,15.4,3.0,14.0,0.0,4.0,1.3
Ryan Grant,WR,72.0,199.0,4.64,35.5,8.0,119.0,6.68,4.11,1.0,142.0,2014.0,49.0,77.0,9.0,1039.0,13.5,0.0,0.0,0.0,0.0,0.0
Cody Hoffman,WR,76.0,223.0,4.65,27.5,13.0,108.0,6.89,4.2,0.0,0.0,2014.0,53.0,57.0,5.0,894.0,15.7,0.0,0.0,0.0,0.0,0.0
Matt Hazel,WR,73.0,198.0,4.5,36.5,15.0,118.0,7.08,4.2,1.0,190.0,2014.0,25.0,6.0,0.0,83.0,13.8,0.0,0.0,0.0,0.0,0.0
Robert Herron,WR,69.0,193.0,4.48,35.5,18.0,125.0,6.84,4.27,1.0,185.0,2014.0,93.0,72.0,9.0,937.0,13.0,2.0,8.0,0.0,12.0,6.0
Davante Adams,WR,73.0,212.0,4.56,39.5,14.0,123.0,6.82,4.3,1.0,53.0,2014.0,75.0,131.0,24.0,1718.0,13.1,0.0,0.0,0.0,0.0,0.0
Cordarrelle Patterson,WR,74.0,216.0,4.42,37.0,0.0,128.0,0.0,0.0,1.0,29.0,2013.0,58.0,46.0,5.0,778.0,16.9,25.0,67.0,3.0,308.0,12.3
Quinton Patton,WR,72.0,204.0,4.53,33.0,8.0,118.0,6.91,4.01,1.0,128.0,2013.0,79.0,104.0,13.0,1392.0,13.4,1.0,0.0,0.0,0.0,0.0
Da'Rick Rogers,WR,74.0,217.0,4.5,39.5,10.0,132.0,6.71,4.06,0.0,0.0,2013.0,23.0,3.0,1.0,38.0,12.7,0.0,0.0,0.0,0.0,0.0
Lanear Sampson,WR,71.0,204.0,4.46,33.5,20.0,119.0,7.1,4.38,0.0,0.0,2013.0,67.0,52.0,6.0,646.0,12.4,0.0,0.0,0.0,0.0,0.0
Ace Sanders,WR,67.0,173.0,4.58,32.0,7.0,117.0,6.81,4.37,1.0,101.0,2013.0,36.0,45.0,9.0,531.0,11.8,3.0,3.0,0.0,1.0,0.3
Alec Lemon,WR,73.0,202.0,4.59,32.0,7.0,112.0,7.04,4.29,0.0,0.0,2013.0,68.0,72.0,7.0,1070.0,14.9,4.0,11.0,1.0,13.0,3.3
T.J. Moe,WR,71.0,204.0,4.74,36.0,26.0,120.0,6.53,3.96,0.0,0.0,2013.0,27.0,40.0,1.0,399.0,10.0,7.0,7.0,0.0,26.0,3.7
Jared Abbrederis,WR,73.0,195.0,4.5,30.5,4.0,117.0,6.8,4.08,1.0,176.0,2014.0,65.0,78.0,7.0,1081.0,13.9,6.0,49.0,2.0,119.0,19.8
Markus Wheaton,WR,71.0,189.0,4.45,37.0,20.0,120.0,6.8,4.02,1.0,79.0,2013.0,51.0,91.0,11.0,1244.0,13.7,20.0,35.0,2.0,142.0,7.1
Terrance Williams,WR,74.0,208.0,4.52,32.5,11.0,119.0,7.01,4.32,1.0,74.0,2013.0,80.0,97.0,12.0,1832.0,18.9,2.0,8.0,0.0,14.0,7.0
Marquess Wilson,WR,75.0,194.0,4.51,34.5,7.0,122.0,6.65,4.33,1.0,236.0,2013.0,81.0,52.0,5.0,813.0,15.6,0.0,0.0,0.0,0.0,0.0
Robert Woods,WR,72.0,201.0,4.51,33.5,14.0,117.0,7.15,4.47,1.0,41.0,2013.0,41.0,76.0,11.0,846.0,11.1,1.0,76.0,0.0,76.0,76.0
Conner Vernon,WR,72.0,196.0,4.68,32.5,0.0,125.0,6.93,4.22,0.0,0.0,2013.0,49.0,85.0,8.0,1074.0,12.6,3.0,2.0,0.0,0.0,0.0
Kenny Stills,WR,72.0,194.0,4.38,33.5,16.0,124.0,0.0,4.35,1.0,144.0,2013.0,68.0,82.0,11.0,959.0,11.7,2.0,13.0,0.0,22.0,11.0
Ryan Swope,WR,72.0,205.0,4.34,37.0,16.0,125.0,6.76,4.25,1.0,174.0,2013.0,80.0,72.0,8.0,913.0,12.7,1.0,0.0,0.0,0.0,0.0
Kenbrell Thompkins,WR,73.0,193.0,4.54,33.5,8.0,121.0,6.88,4.21,0.0,0.0,2013.0,75.0,34.0,2.0,541.0,15.9,0.0,0.0,0.0,0.0,0.0
Jeff Fuller,WR,76.0,223.0,4.53,0.0,17.0,0.0,0.0,0.0,0.0,0.0,2012.0,38.0,70.0,6.0,828.0,11.8,0.0,0.0,0.0,0.0,0.0
Taylor Price,WR,72.0,204.0,4.4,37.0,16.0,114.0,6.82,4.34,1.0,90.0,2010.0,50.0,56.0,5.0,784.0,14.0,10.0,25.0,0.0,94.0,9.4
David Reed,WR,72.0,191.0,4.56,37.0,15.0,114.0,6.95,4.38,1.0,156.0,2010.0,90.0,81.0,5.0,1188.0,14.7,4.0,10.0,0.0,4.0,1.0
Emmanuel Sanders,WR,71.0,186.0,4.4,39.5,12.0,126.0,6.64,4.1,1.0,82.0,2010.0,75.0,98.0,7.0,1339.0,13.7,1.0,6.0,0.0,6.0,6.0
Jordan Shipley,WR,71.0,193.0,4.6,36.5,16.0,116.0,0.0,0.0,1.0,84.0,2010.0,88.0,116.0,13.0,1485.0,12.8,1.0,0.0,0.0,0.0,0.0
Carlton Mitchell,WR,75.0,215.0,4.46,36.0,16.0,122.0,6.96,4.55,1.0,177.0,2010.0,85.0,40.0,4.0,706.0,17.7,0.0,0.0,0.0,0.0,0.0
Kerry Meier,WR,74.0,224.0,4.62,35.0,13.0,115.0,0.0,4.23,1.0,165.0,2010.0,71.0,102.0,8.0,985.0,9.7,2.0,6.0,0.0,0.0,0.0
Jared Perry,WR,73.0,178.0,4.51,33.5,11.0,121.0,6.75,4.39,0.0,0.0,2010.0,48.0,46.0,6.0,696.0,15.1,2.0,5.0,0.0,7.0,3.5
Golden Tate,WR,70.0,199.0,4.42,35.0,17.0,120.0,7.12,4.34,1.0,60.0,2010.0,78.0,93.0,15.0,1496.0,16.1,25.0,33.0,2.0,186.0,7.4
Armon Binns,WR,75.0,209.0,4.5,31.5,13.0,118.0,6.86,4.31,0.0,0.0,2011.0,62.0,75.0,10.0,1101.0,14.7,0.0,0.0,0.0,0.0,0.0
Vincent Brown,WR,71.0,187.0,4.68,33.5,12.0,121.0,6.64,4.25,1.0,82.0,2011.0,90.0,69.0,10.0,1352.0,19.6,1.0,0.0,0.0,0.0,0.0
Darvin Adams,WR,74.0,190.0,4.56,0.0,0.0,0.0,0.0,0.0,0.0,0.0,2011.0,62.0,52.0,7.0,963.0,18.5,0.0,0.0,0.0,0.0,0.0
Demaryius Thomas,WR,75.0,224.0,4.52,0.0,0.0,0.0,0.0,0.0,1.0,22.0,2010.0,76.0,46.0,8.0,1154.0,25.1,1.0,3.0,0.0,3.0,3.0
Verran Tucker,WR,74.0,200.0,4.65,0.0,0.0,0.0,0.0,0.0,0.0,0.0,2010.0,59.0,29.0,1.0,453.0,15.6,0.0,0.0,0.0,0.0,0.0
Chastin West,WR,72.0,212.0,4.59,33.5,15.0,113.0,0.0,0.0,0.0,0.0,2010.0,41.0,30.0,2.0,472.0,15.7,1.0,0.0,0.0,0.0,0.0
Blair White,WR,74.0,209.0,4.49,33.5,18.0,115.0,6.69,4.03,0.0,0.0,2010.0,49.0,70.0,9.0,990.0,14.1,0.0,0.0,0.0,0.0,0.0
Jeremy Williams,WR,72.0,206.0,4.59,36.0,14.0,117.0,6.73,0.0,0.0,0.0,2010.0,68.0,84.0,7.0,1113.0,13.3,38.0,27.0,0.0,167.0,4.4
Ryan Wolfe,WR,73.0,205.0,4.65,0.0,13.0,0.0,0.0,0.0,0.0,0.0,2010.0,52.0,74.0,2.0,760.0,10.3,11.0,10.0,0.0,41.0,3.7
Chris McGaha,WR,73.0,201.0,4.52,40.0,19.0,122.0,0.0,4.21,0.0,0.0,2010.0,50.0,57.0,4.0,690.0,12.1,0.0,0.0,0.0,0.0,0.0
Jacoby Ford,WR,69.0,186.0,4.28,33.5,15.0,115.0,7.0,4.44,1.0,108.0,2010.0,77.0,56.0,6.0,779.0,13.9,18.0,17.0,2.0,122.0,6.8
Riley Cooper,WR,75.0,222.0,4.53,33.0,0.0,114.0,0.0,0.0,1.0,159.0,2010.0,80.0,51.0,9.0,961.0,18.8,1.0,14.0,0.0,14.0,14.0
Eric Decker,WR,75.0,217.0,4.54,0.0,15.0,0.0,0.0,0.0,1.0,87.0,2010.0,53.0,50.0,5.0,758.0,15.2,0.0,0.0,0.0,0.0,0.0
Marcus Easley,WR,75.0,210.0,4.39,34.0,16.0,123.0,6.94,4.6,1.0,107.0,2010.0,88.0,48.0,8.0,893.0,18.6,1.0,11.0,0.0,11.0,11.0
Nyan Boateng,WR,73.0,204.0,4.66,36.0,14.0,112.0,7.35,4.69,0.0,0.0,2010.0,39.0,13.0,2.0,191.0,14.7,0.0,0.0,0.0,0.0,0.0
Alric Arnett,WR,74.0,188.0,4.52,40.0,0.0,122.0,7.03,4.43,0.0,0.0,2010.0,46.0,43.0,3.0,586.0,13.6,0.0,0.0,0.0,0.0,0.0
Arrelious Benn,WR,73.0,219.0,4.57,37.0,20.0,118.0,0.0,0.0,1.0,39.0,2010.0,58.0,38.0,2.0,490.0,12.9,7.0,8.0,1.0,23.0,3.3
Dezmon Briscoe,WR,74.0,207.0,4.66,33.0,9.0,115.0,7.1,4.57,1.0,191.0,2010.0,74.0,84.0,9.0,1337.0,15.9,2.0,20.0,1.0,19.0,9.5
Dez Bryant,WR,74.0,225.0,4.52,0.0,0.0,0.0,0.0,0.0,1.0,24.0,2010.0,46.0,17.0,4.0,323.0,19.0,0.0,0.0,0.0,0.0,0.0
Kevin Jurovich,WR,71.0,188.0,4.45,0.0,14.0,0.0,0.0,0.0,0.0,0.0,2010.0,38.0,60.0,1.0,777.0,13.0,3.0,0.0,0.0,0.0,0.0
Brandon LaFell,WR,74.0,211.0,4.58,36.0,0.0,115.0,6.81,4.23,1.0,78.0,2010.0,58.0,57.0,11.0,792.0,13.9,5.0,7.0,0.0,13.0,2.6
Scott Long,WR,74.0,216.0,4.46,41.5,20.0,123.0,6.45,4.09,0.0,0.0,2010.0,92.0,53.0,2.0,727.0,13.7,0.0,0.0,0.0,0.0,0.0
Dexter McCluster,WR,69.0,172.0,4.53,37.5,20.0,118.0,0.0,4.06,1.0,36.0,2010.0,64.0,44.0,3.0,520.0,11.8,181.0,86.0,8.0,1169.0,6.5
Mardy Gilyard,WR,72.0,187.0,4.61,39.0,0.0,116.0,6.92,4.4,1.0,99.0,2010.0,68.0,87.0,11.0,1191.0,13.7,5.0,5.0,1.0,16.0,3.2
Shay Hodge,WR,73.0,209.0,4.62,33.5,11.0,117.0,6.9,4.32,0.0,0.0,2010.0,65.0,70.0,8.0,1135.0,16.2,0.0,0.0,0.0,0.0,0.0
Terrence Toliver,WR,75.0,212.0,4.52,32.0,0.0,122.0,6.48,4.03,0.0,0.0,2011.0,42.0,41.0,5.0,579.0,14.1,0.0,0.0,0.0,0.0,0.0
Terrance Turner,WR,74.0,220.0,4.53,41.0,16.0,128.0,6.77,4.15,0.0,0.0,2011.0,38.0,67.0,3.0,681.0,10.2,0.0,0.0,0.0,0.0,0.0
Ryan Whalen,WR,73.0,202.0,4.53,38.5,18.0,123.0,6.67,4.09,1.0,167.0,2011.0,30.0,41.0,2.0,439.0,10.7,0.0,0.0,0.0,0.0,0.0
Marshall Williams,WR,73.0,188.0,4.56,35.5,9.0,123.0,6.61,4.09,0.0,0.0,2011.0,38.0,24.0,2.0,272.0,11.3,0.0,0.0,0.0,0.0,0.0
Jimmy Young,WR,72.0,204.0,4.5,37.0,19.0,115.0,7.08,4.18,0.0,0.0,2011.0,45.0,32.0,4.0,486.0,15.2,0.0,0.0,0.0,0.0,0.0
Titus Young,WR,71.0,174.0,4.43,0.0,0.0,123.0,0.0,0.0,1.0,44.0,2011.0,83.0,71.0,9.0,1215.0,17.1,14.0,38.0,1.0,94.0,6.7
Joe Adams,WR,71.0,179.0,4.51,36.0,0.0,123.0,7.09,0.0,1.0,104.0,2012.0,67.0,54.0,3.0,652.0,12.1,10.0,92.0,1.0,139.0,13.9
DeMarco Sampson,WR,74.0,204.0,4.41,0.0,14.0,0.0,0.0,0.0,1.0,249.0,2011.0,71.0,67.0,8.0,1220.0,18.2,4.0,10.0,0.0,11.0,2.8
Jock Sanders,WR,66.0,181.0,4.5,34.5,19.0,121.0,6.78,4.13,0.0,0.0,2011.0,48.0,69.0,4.0,728.0,10.6,14.0,31.0,1.0,92.0,6.6
Dane Sanzenbacher,WR,71.0,182.0,4.56,33.5,0.0,118.0,6.46,3.97,0.0,0.0,2011.0,65.0,55.0,11.0,948.0,17.2,4.0,12.0,1.0,14.0,3.5
Torrey Smith,WR,73.0,204.0,4.41,41.0,19.0,126.0,6.72,4.13,1.0,58.0,2011.0,80.0,67.0,12.0,1055.0,15.7,9.0,9.0,0.0,7.0,0.8
Owen Spencer,WR,74.0,195.0,4.51,37.5,6.0,125.0,6.86,4.18,0.0,0.0,2011.0,60.0,60.0,4.0,912.0,15.2,0.0,0.0,0.0,0.0,0.0
Juron Criner,WR,74.0,224.0,4.66,38.0,17.0,117.0,7.15,4.3,1.0,168.0,2012.0,48.0,75.0,11.0,956.0,12.7,1.0,0.0,0.0,0.0,0.0
B.J. Cunningham,WR,73.0,211.0,4.52,31.5,12.0,116.0,7.1,0.0,1.0,183.0,2012.0,69.0,79.0,12.0,1306.0,16.5,3.0,24.0,0.0,26.0,8.7
Patrick Edwards,WR,69.0,172.0,4.57,0.0,0.0,0.0,0.0,0.0,0.0,0.0,2012.0,75.0,89.0,20.0,1752.0,19.7,2.0,15.0,0.0,6.0,3.0
Michael Floyd,WR,75.0,220.0,4.4,36.5,16.0,122.0,0.0,0.0,1.0,13.0,2012.0,56.0,100.0,9.0,1147.0,11.5,2.0,10.0,1.0,13.0,6.5
Greg Childs,WR,75.0,219.0,4.52,36.5,19.0,125.0,0.0,0.0,1.0,134.0,2012.0,19.0,21.0,0.0,240.0,11.4,0.0,0.0,0.0,0.0,0.0
Travis Benjamin,WR,70.0,172.0,4.31,38.0,14.0,119.0,0.0,0.0,1.0,100.0,2012.0,77.0,41.0,3.0,609.0,14.9,8.0,9.0,0.0,19.0,2.4
Justin Blackmon,WR,73.0,207.0,4.46,0.0,14.0,0.0,0.0,0.0,1.0,5.0,2012.0,67.0,121.0,18.0,1522.0,12.6,5.0,6.0,0.0,7.0,1.4
LaVon Brazill,WR,71.0,192.0,4.43,32.5,11.0,0.0,0.0,0.0,1.0,206.0,2012.0,78.0,72.0,11.0,1150.0,16.0,5.0,67.0,1.0,73.0,14.6
Ryan Broyles,WR,70.0,192.0,4.57,0.0,21.0,0.0,0.0,0.0,1.0,54.0,2012.0,64.0,83.0,10.0,1157.0,13.9,1.0,3.0,0.0,3.0,3.0
Greg Salas,WR,73.0,210.0,4.53,37.0,15.0,120.0,6.65,4.1,1.0,112.0,2011.0,55.0,119.0,14.0,1889.0,15.9,0.0,0.0,0.0,0.0,0.0
Tori Gurley,WR,76.0,216.0,4.53,33.5,15.0,118.0,7.05,4.25,0.0,0.0,2011.0,30.0,44.0,4.0,465.0,10.6,1.0,5.0,0.0,5.0,5.0
Jamel Hamler,WR,73.0,193.0,4.59,32.0,4.0,112.0,7.16,4.18,0.0,0.0,2011.0,41.0,54.0,6.0,812.0,15.0,1.0,0.0,0.0,0.0,0.0
Leonard Hankerson,WR,73.0,209.0,4.4,36.0,14.0,117.0,6.94,4.21,1.0,79.0,2011.0,79.0,72.0,13.0,1156.0,16.1,0.0,0.0,0.0,0.0,0.0
Dwayne Harris,WR,70.0,203.0,4.53,34.0,10.0,111.0,6.77,4.21,1.0,176.0,2011.0,76.0,101.0,10.0,1123.0,11.1,16.0,49.0,0.0,104.0,6.5
Randall Cobb,WR,70.0,191.0,4.46,33.5,16.0,115.0,7.08,4.34,1.0,64.0,2011.0,48.0,84.0,7.0,1017.0,12.1,55.0,73.0,5.0,424.0,7.7
Mark Dell,WR,72.0,193.0,4.54,0.0,14.0,0.0,0.0,0.0,0.0,0.0,2011.0,55.0,51.0,6.0,788.0,15.5,0.0,0.0,0.0,0.0,0.0
Tandon Doss,WR,74.0,201.0,4.62,0.0,14.0,0.0,0.0,0.0,1.0,123.0,2011.0,46.0,63.0,7.0,706.0,11.2,28.0,39.0,1.0,163.0,5.8
Jerrel Jernigan,WR,69.0,185.0,4.46,37.5,11.0,124.0,7.07,4.25,1.0,83.0,2011.0,70.0,84.0,6.0,822.0,9.8,45.0,55.0,3.0,322.0,7.2
Denarius Moore,WR,72.0,194.0,4.43,36.0,13.0,118.0,6.78,4.15,1.0,148.0,2011.0,64.0,47.0,9.0,981.0,20.9,7.0,58.0,1.0,82.0,11.7
Jamar Newsome,WR,72.0,200.0,4.46,38.5,13.0,129.0,6.83,4.22,0.0,0.0,2011.0,56.0,37.0,3.0,616.0,16.6,3.0,8.0,1.0,15.0,5.0
Niles Paul,WR,73.0,224.0,4.45,34.5,24.0,117.0,6.9,4.14,1.0,155.0,2011.0,33.0,39.0,1.0,516.0,13.2,5.0,8.0,0.0,14.0,2.8
Austin Pettis,WR,75.0,209.0,4.56,33.5,14.0,120.0,6.68,3.88,1.0,78.0,2011.0,58.0,71.0,10.0,951.0,13.4,0.0,0.0,0.0,0.0,0.0
Kealoha Pilares,WR,70.0,199.0,4.42,0.0,19.0,0.0,0.0,0.0,1.0,132.0,2011.0,80.0,88.0,15.0,1306.0,14.8,0.0,0.0,0.0,0.0,0.0
Aldrick Robinson,WR,70.0,184.0,4.35,40.0,17.0,126.0,6.65,4.09,1.0,178.0,2011.0,82.0,65.0,14.0,1301.0,20.0,0.0,0.0,0.0,0.0,0.0
Ronald Johnson,WR,71.0,199.0,4.46,0.0,16.0,0.0,0.0,0.0,1.0,182.0,2011.0,53.0,64.0,8.0,692.0,10.8,5.0,10.0,0.0,25.0,5.0
Julio Jones,WR,75.0,220.0,4.34,38.5,17.0,135.0,6.66,4.25,1.0,6.0,2011.0,68.0,78.0,7.0,1133.0,14.5,8.0,56.0,2.0,135.0,16.9
Jeremy Kerley,WR,69.0,189.0,4.56,34.5,16.0,120.0,0.0,0.0,1.0,153.0,2011.0,50.0,56.0,10.0,575.0,10.3,18.0,19.0,2.0,97.0,5.4
Greg Little,WR,74.0,231.0,4.51,40.5,27.0,129.0,6.8,4.21,1.0,59.0,2011.0,62.0,62.0,5.0,724.0,11.7,29.0,31.0,1.0,166.0,5.7
Jeff Maehl,WR,73.0,190.0,4.56,33.5,0.0,115.0,6.42,3.94,0.0,0.0,2011.0,81.0,77.0,12.0,1076.0,14.0,1.0,0.0,0.0,0.0,0.0
Jarvis Landry,WR,71.0,205.0,4.65,28.5,12.0,110.0,0.0,0.0,1.0,63.0,2014.0,45.0,77.0,10.0,1193.0,15.5,0.0,0.0,0.0,0.0,0.0
Zay Jones,WR,74.0,201.0,4.45,36.5,15.0,133.0,6.79,4.01,1.0,37.0,2017.0,77.0,156.0,8.0,1731.0,11.1,4.0,13.0,0.0,24.0,6.0
Victor Bolden Jr.,WR,68.0,178.0,4.54,32.0,9.0,117.0,6.83,4.22,0.0,0.0,2017.0,75.0,46.0,2.0,542.0,11.8,28.0,92.0,2.0,329.0,11.8
Cooper Kupp,WR,74.0,204.0,4.62,31.0,0.0,116.0,6.75,4.08,1.0,69.0,2017.0,75.0,12.0,3.0,206.0,17.2,2.0,15.0,0.0,29.0,14.5
Jerome Lane,WR,74.0,226.0,4.6,35.0,16.0,125.0,6.87,4.12,0.0,0.0,2017.0,91.0,62.0,6.0,1018.0,16.4,0.0,0.0,0.0,0.0,0.0
Mack Hollins,WR,76.0,221.0,4.53,0.0,0.0,0.0,0.0,0.0,1.0,118.0,2017.0,71.0,16.0,4.0,309.0,19.3,0.0,0.0,0.0,0.0,0.0
Bug Howard,WR,76.0,221.0,4.58,37.5,0.0,119.0,6.95,4.14,0.0,0.0,2017.0,68.0,53.0,8.0,827.0,15.6,0.0,0.0,0.0,0.0,0.0
Zach Pascal,WR,74.0,219.0,4.55,36.0,14.0,126.0,7.11,4.29,0.0,0.0,2017.0,53.0,65.0,9.0,946.0,14.6,23.0,25.0,0.0,145.0,6.3
James Quick,WR,72.0,186.0,4.6,31.0,11.0,115.0,7.0,4.39,0.0,0.0,2017.0,72.0,45.0,6.0,769.0,17.1,0.0,0.0,0.0,0.0,0.0
Michael Rector,WR,72.0,193.0,4.42,36.5,0.0,129.0,6.77,4.19,0.0,0.0,2017.0,44.0,32.0,3.0,367.0,11.5,5.0,56.0,1.0,71.0,14.2
Josh Reynolds,WR,75.0,194.0,4.52,37.0,0.0,124.0,6.83,4.13,1.0,117.0,2017.0,92.0,61.0,12.0,1039.0,17.0,0.0,0.0,0.0,0.0,0.0
Jalen Robinette,WR,75.0,220.0,4.62,31.5,13.0,120.0,6.77,4.46,0.0,0.0,2017.0,75.0,35.0,6.0,959.0,27.4,0.0,0.0,0.0,0.0,0.0
Darreus Rogers,WR,73.0,216.0,0.0,26.5,8.0,112.0,7.22,4.54,0.0,0.0,2017.0,46.0,56.0,4.0,696.0,12.4,0.0,0.0,0.0,0.0,0.0
Fred Ross,WR,73.0,213.0,4.51,35.0,10.0,113.0,6.99,4.28,0.0,0.0,2017.0,60.0,72.0,12.0,917.0,12.7,2.0,46.0,0.0,39.0,19.5
John Ross,WR,71.0,188.0,4.22,37.0,0.0,133.0,0.0,0.0,1.0,9.0,2017.0,70.0,81.0,17.0,1150.0,14.2,8.0,32.0,1.0,102.0,12.8
Travis Rudolph,WR,72.0,189.0,4.65,31.5,12.0,114.0,6.93,4.46,0.0,0.0,2017.0,58.0,56.0,7.0,840.0,15.0,0.0,0.0,0.0,0.0,0.0
Keevan Lucas,WR,69.0,192.0,4.55,32.5,11.0,119.0,7.23,4.43,0.0,0.0,2017.0,74.0,81.0,15.0,1180.0,14.6,8.0,15.0,0.0,45.0,5.6
Josh Malone,WR,75.0,208.0,4.4,30.5,10.0,121.0,7.05,4.19,1.0,128.0,2017.0,67.0,50.0,11.0,972.0,19.4,0.0,0.0,0.0,0.0,0.0
Gabe Marks,WR,71.0,189.0,4.56,29.5,11.0,117.0,7.01,4.2,0.0,0.0,2017.0,53.0,89.0,13.0,894.0,10.0,2.0,7.0,0.0,6.0,3.0
Isaiah McKenzie,WR,67.0,173.0,4.42,36.0,11.0,123.0,6.64,4.15,1.0,172.0,2017.0,77.0,44.0,7.0,633.0,14.4,19.0,55.0,2.0,134.0,7.1
Speedy Noil,WR,71.0,199.0,0.0,43.5,18.0,133.0,0.0,0.0,0.0,0.0,2017.0,48.0,21.0,2.0,325.0,15.5,0.0,0.0,0.0,0.0,0.0
Drew Morgan,WR,72.0,190.0,4.74,30.0,10.0,112.0,6.85,4.12,0.0,0.0,2017.0,36.0,65.0,3.0,739.0,11.4,4.0,8.0,0.0,8.0,2.0
Carlos Henderson,WR,71.0,199.0,4.46,36.0,13.0,131.0,7.18,4.35,1.0,82.0,2017.0,83.0,82.0,19.0,1535.0,18.7,14.0,35.0,2.0,133.0,9.5
Keon Hatcher,WR,73.0,212.0,4.64,0.0,16.0,0.0,0.0,0.0,0.0,0.0,2017.0,73.0,44.0,8.0,743.0,16.9,4.0,6.0,0.0,7.0,1.8
Kendrick Bourne,WR,73.0,203.0,4.68,34.0,9.0,125.0,6.73,4.21,0.0,0.0,2017.0,26.0,7.0,0.0,87.0,12.4,1.0,4.0,0.0,4.0,4.0
Noah Brown,WR,74.0,222.0,0.0,0.0,19.0,0.0,7.07,4.33,1.0,239.0,2017.0,0.0,0.0,0.0,0.0,0.0,0.0,0.0,0.0,0.0,0.0
K.D. Cannon,WR,71.0,182.0,4.41,37.0,13.0,119.0,0.0,0.0,0.0,0.0,2017.0,68.0,87.0,13.0,1215.0,14.0,0.0,0.0,0.0,0.0,0.0
Quincy Adeboyejo,WR,75.0,197.0,4.42,34.5,8.0,123.0,6.73,4.14,0.0,0.0,2017.0,30.0,35.0,1.0,456.0,13.0,0.0,0.0,0.0,0.0,0.0
Laquon Treadwell,WR,74.0,221.0,4.52,33.0,12.0,117.0,0.0,0.0,1.0,23.0,2016.0,58.0,82.0,11.0,1153.0,14.1,1.0,0.0,0.0,0.0,0.0
Rodney Adams,WR,73.0,189.0,4.44,29.5,8.0,125.0,6.98,4.28,1.0,170.0,2017.0,84.0,67.0,5.0,822.0,12.3,23.0,92.0,5.0,231.0,10.0
De'Runnya Wilson,WR,77.0,224.0,4.85,28.0,0.0,113.0,0.0,0.0,0.0,0.0,2016.0,63.0,60.0,10.0,918.0,15.3,0.0,0.0,0.0,0.0,0.0
Jehu Chesson,WR,75.0,204.0,4.47,35.5,10.0,132.0,6.7,4.09,1.0,139.0,2017.0,40.0,35.0,2.0,500.0,14.3,12.0,17.0,1.0,63.0,5.3
Amba Etta-Tawo,WR,73.0,208.0,4.49,31.0,14.0,126.0,6.95,4.32,0.0,0.0,2017.0,81.0,94.0,14.0,1482.0,15.8,0.0,0.0,0.0,0.0,0.0
Isaiah Ford,WR,73.0,194.0,4.61,35.5,14.0,127.0,6.94,4.34,1.0,237.0,2017.0,53.0,79.0,7.0,1094.0,13.8,6.0,26.0,0.0,33.0,5.5
Shelton Gibson,WR,71.0,191.0,4.5,32.0,8.0,118.0,6.83,4.2,1.0,166.0,2017.0,71.0,43.0,8.0,951.0,22.1,2.0,25.0,0.0,29.0,14.5
Chris Godwin,WR,73.0,209.0,4.42,36.0,19.0,126.0,7.01,4.0,1.0,84.0,2017.0,72.0,59.0,11.0,982.0,16.6,1.0,13.0,0.0,13.0,13.0
Kenny Golladay,WR,76.0,218.0,4.5,35.5,18.0,120.0,7.0,4.15,1.0,96.0,2017.0,49.0,88.0,8.0,1164.0,13.2,20.0,39.0,2.0,192.0,9.6
Chad Hansen,WR,74.0,202.0,4.53,35.0,11.0,119.0,6.74,4.13,1.0,141.0,2017.0,70.0,92.0,11.0,1249.0,13.6,0.0,0.0,0.0,0.0,0.0
Travin Dural,WR,73.0,202.0,4.57,30.5,0.0,116.0,7.29,4.55,0.0,0.0,2017.0,21.0,28.0,1.0,280.0,10.0,1.0,0.0,0.0,0.0,0.0
Amara Darboh,WR,74.0,214.0,4.45,36.0,17.0,124.0,0.0,0.0,1.0,106.0,2017.0,46.0,57.0,7.0,862.0,15.1,0.0,0.0,0.0,0.0,0.0
Stacy Coley,WR,73.0,195.0,4.45,34.0,10.0,122.0,0.0,0.0,1.0,219.0,2017.0,55.0,63.0,9.0,754.0,12.0,0.0,0.0,0.0,0.0,0.0
Corey Davis,WR,75.0,209.0,0.0,0.0,0.0,0.0,0.0,0.0,1.0,5.0,2017.0,70.0,97.0,19.0,1500.0,15.5,1.0,0.0,0.0,0.0,0.0
Malachi Dupre,WR,74.0,196.0,4.52,39.5,11.0,135.0,7.19,4.26,1.0,247.0,2017.0,63.0,41.0,3.0,593.0,14.5,0.0,0.0,0.0,0.0,0.0
Robert Davis,WR,75.0,219.0,4.44,41.0,19.0,136.0,6.82,4.28,1.0,209.0,2017.0,65.0,67.0,5.0,968.0,14.4,0.0,0.0,0.0,0.0,0.0
Artavis Scott,WR,70.0,193.0,4.61,31.0,13.0,116.0,7.19,4.49,0.0,0.0,2017.0,28.0,75.0,5.0,614.0,8.2,7.0,5.0,0.0,11.0,1.6
Richie James,WR,70.0,183.0,4.48,35.5,6.0,122.0,6.87,4.16,1.0,240.0,2018.0,31.0,31.0,3.0,290.0,9.4,10.0,22.0,0.0,57.0,5.7
Daesean Hamilton,WR,73.0,203.0,0.0,34.5,0.0,118.0,6.84,4.15,1.0,113.0,2018.0,48.0,53.0,9.0,857.0,16.2,1.0,2.0,0.0,2.0,2.0
Quadree Henderson,WR,68.0,192.0,4.5,32.5,12.0,120.0,6.89,4.28,0.0,0.0,2018.0,74.0,17.0,0.0,186.0,10.9,36.0,26.0,0.0,249.0,6.9
Darren Carrington II,WR,74.0,199.0,0.0,36.0,0.0,120.0,0.0,0.0,0.0,0.0,2018.0,46.0,70.0,6.0,980.0,14.0,0.0,0.0,0.0,0.0,0.0
Davon Grayson,WR,73.0,199.0,4.51,34.5,19.0,124.0,0.0,0.0,0.0,0.0,2018.0,75.0,59.0,6.0,886.0,15.0,6.0,12.0,0.0,40.0,6.7
Michael Gallup,WR,73.0,205.0,4.51,36.0,10.0,122.0,6.95,4.37,1.0,81.0,2018.0,76.0,100.0,7.0,1413.0,14.1,0.0,0.0,0.0,0.0,0.0
Robert Foster,WR,74.0,196.0,4.41,31.0,0.0,116.0,6.9,4.2,0.0,0.0,2018.0,52.0,14.0,1.0,174.0,12.4,1.0,12.0,0.0,12.0,12.0
Ricky Seals-Jones,WR,77.0,243.0,4.69,28.0,17.0,121.0,7.46,4.33,0.0,0.0,2017.0,47.0,26.0,1.0,333.0,12.8,0.0,0.0,0.0,0.0,0.0
Byron Pringle,WR,73.0,203.0,4.46,33.5,15.0,120.0,6.87,4.4,0.0,0.0,2018.0,60.0,30.0,6.0,724.0,24.1,1.0,15.0,0.0,15.0,15.0
Trey Quinn,WR,71.0,203.0,4.55,33.5,17.0,116.0,6.91,4.19,1.0,256.0,2018.0,77.0,114.0,13.0,1236.0,10.8,1.0,0.0,0.0,0.0,0.0
Calvin Ridley,WR,72.0,189.0,4.43,31.0,15.0,110.0,6.88,4.41,1.0,26.0,2018.0,78.0,63.0,5.0,967.0,15.3,2.0,13.0,0.0,17.0,8.5
Korey Robertson,WR,73.0,212.0,4.56,34.0,13.0,123.0,0.0,0.0,0.0,0.0,2018.0,70.0,76.0,12.0,1106.0,14.6,0.0,0.0,0.0,0.0,0.0
Jmon Moore,WR,75.0,207.0,4.6,38.0,21.0,120.0,6.56,4.04,0.0,0.0,2018.0,71.0,65.0,10.0,1082.0,16.6,0.0,0.0,0.0,0.0,0.0
Christian Kirk,WR,70.0,201.0,4.47,35.5,20.0,115.0,7.09,4.45,1.0,47.0,2018.0,81.0,71.0,10.0,919.0,12.9,4.0,28.0,0.0,31.0,7.8
Chris Lacy,WR,75.0,205.0,4.51,33.5,11.0,120.0,0.0,0.0,0.0,0.0,2018.0,32.0,20.0,0.0,264.0,13.2,1.0,26.0,0.0,26.0,26.0
Jordan Lasley,WR,73.0,203.0,4.5,34.5,8.0,112.0,0.0,4.19,1.0,162.0,2018.0,59.0,69.0,9.0,1264.0,18.3,4.0,5.0,0.0,0.0,0.0
Allen Lazard,WR,77.0,227.0,4.55,38.0,17.0,122.0,0.0,0.0,0.0,0.0,2018.0,36.0,71.0,10.0,941.0,13.3,0.0,0.0,0.0,0.0,0.0
Steven Mitchell,WR,70.0,189.0,4.56,32.5,13.0,121.0,6.75,4.4,0.0,0.0,2018.0,49.0,41.0,4.0,644.0,15.7,1.0,10.0,0.0,10.0,10.0
Ray-ray McCloud,WR,69.0,190.0,4.53,34.5,13.0,113.0,0.0,0.0,1.0,187.0,2018.0,79.0,49.0,1.0,503.0,10.3,6.0,11.0,0.0,30.0,5.0
Anthony Miller,WR,71.0,201.0,0.0,0.0,22.0,0.0,0.0,0.0,1.0,51.0,2018.0,89.0,96.0,18.0,1462.0,15.2,10.0,7.0,0.0,25.0,2.5
Dede Westbrook,WR,72.0,178.0,0.0,0.0,0.0,0.0,0.0,0.0,1.0,110.0,2017.0,88.0,80.0,17.0,1524.0,19.1,10.0,35.0,0.0,101.0,10.1
Kermit Whitfield,WR,68.0,185.0,4.44,32.5,8.0,120.0,7.17,4.37,0.0,0.0,2017.0,28.0,34.0,1.0,395.0,11.6,8.0,21.0,1.0,79.0,9.9
Noel Thomas,WR,72.0,205.0,4.63,32.5,9.0,118.0,0.0,0.0,0.0,0.0,2017.0,62.0,100.0,3.0,1179.0,11.8,13.0,17.0,0.0,60.0,4.6
JuJu Smith-Schuster,WR,73.0,215.0,4.54,32.5,15.0,120.0,0.0,0.0,1.0,62.0,2017.0,67.0,70.0,10.0,914.0,13.1,5.0,20.0,0.0,27.0,5.4
Jamari Staples,WR,75.0,195.0,4.51,36.0,0.0,130.0,0.0,0.0,0.0,0.0,2017.0,55.0,36.0,2.0,615.0,17.1,0.0,0.0,0.0,0.0,0.0
ArDarius Stewart,WR,71.0,204.0,4.49,34.0,0.0,124.0,0.0,0.0,1.0,79.0,2017.0,71.0,54.0,8.0,864.0,16.0,8.0,25.0,0.0,68.0,8.5
Ryan Switzer,WR,68.0,181.0,4.51,32.0,11.0,116.0,6.77,4.0,1.0,133.0,2017.0,75.0,96.0,6.0,1112.0,11.6,3.0,7.0,0.0,14.0,4.7
Taywan Taylor,WR,71.0,203.0,4.5,33.5,13.0,132.0,6.57,4.21,1.0,72.0,2017.0,80.0,98.0,17.0,1730.0,17.7,6.0,16.0,0.0,36.0,6.0
Jesus Wilson,WR,69.0,189.0,4.57,0.0,10.0,119.0,0.0,4.57,0.0,0.0,2017.0,34.0,30.0,1.0,390.0,13.0,1.0,6.0,0.0,6.0,6.0
Dante Pettis,WR,72.0,186.0,0.0,0.0,0.0,0.0,0.0,0.0,1.0,44.0,2018.0,73.0,63.0,7.0,761.0,12.1,3.0,32.0,0.0,50.0,16.7
Simmie Cobbs,WR,75.0,220.0,4.64,30.0,11.0,113.0,6.7,4.32,0.0,0.0,2018.0,35.0,72.0,8.0,841.0,11.7,0.0,0.0,1.0,0.0,0.0
D.J. Chark,WR,75.0,199.0,4.34,40.0,16.0,129.0,0.0,0.0,1.0,61.0,2018.0,68.0,40.0,3.0,874.0,21.9,12.0,20.0,1.0,63.0,5.3
Antonio Callaway,WR,71.0,200.0,4.41,34.0,0.0,121.0,0.0,0.0,1.0,105.0,2018.0,78.0,54.0,3.0,721.0,13.4,5.0,24.0,1.0,32.0,6.4
Keke Coutee,WR,70.0,181.0,4.43,34.5,14.0,113.0,6.93,4.15,1.0,103.0,2018.0,77.0,93.0,10.0,1429.0,15.4,5.0,11.0,0.0,15.0,3.0
Dylan Cantrell,WR,75.0,226.0,4.59,38.5,18.0,130.0,6.56,4.03,1.0,191.0,2018.0,42.0,71.0,7.0,816.0,11.5,1.0,3.0,1.0,3.0,3.0
Deon Cain,WR,74.0,202.0,4.43,33.5,11.0,115.0,6.71,4.37,1.0,185.0,2018.0,61.0,58.0,6.0,734.0,12.7,0.0,0.0,0.0,0.0,0.0
Marcell Ateman,WR,76.0,216.0,4.62,34.0,13.0,121.0,7.07,4.25,1.0,228.0,2018.0,69.0,59.0,8.0,1156.0,19.6,0.0,0.0,0.0,0.0,0.0
Deontay Burnett,WR,72.0,186.0,0.0,0.0,0.0,0.0,0.0,0.0,0.0,0.0,2018.0,42.0,86.0,9.0,1114.0,13.0,2.0,3.0,0.0,0.0,0.0
Braxton Berrios,WR,69.0,184.0,0.0,0.0,11.0,0.0,0.0,0.0,1.0,210.0,2018.0,55.0,54.0,9.0,670.0,12.4,1.0,9.0,0.0,9.0,9.0
Equanimeous St. brown,WR,77.0,214.0,4.48,0.0,20.0,0.0,0.0,0.0,1.0,207.0,2018.0,75.0,33.0,4.0,515.0,15.6,0.0,0.0,0.0,0.0,0.0
Devin Funchess,WR,76.0,232.0,4.7,38.5,17.0,122.0,0.0,0.0,1.0,41.0,2015.0,45.0,62.0,4.0,733.0,11.8,2.0,0.0,0.0,0.0,0.0
Antwan Goodley,WR,70.0,209.0,4.44,0.0,0.0,0.0,0.0,0.0,0.0,0.0,2015.0,66.0,60.0,6.0,830.0,13.8,8.0,33.0,0.0,71.0,8.9
Dorial Green-Beckham,WR,77.0,237.0,4.49,33.5,13.0,119.0,6.89,4.45,1.0,40.0,2015.0,68.0,59.0,12.0,883.0,15.0,1.0,3.0,0.0,3.0,3.0
Rannell Hall,WR,72.0,198.0,4.6,41.0,16.0,132.0,6.86,4.15,0.0,0.0,2015.0,34.0,49.0,0.0,500.0,10.2,25.0,32.0,1.0,129.0,5.2
Justin Hardy,WR,70.0,192.0,4.56,36.5,11.0,114.0,6.63,4.21,1.0,107.0,2015.0,66.0,121.0,10.0,1494.0,12.3,1.0,7.0,1.0,7.0,7.0
Josh Harper,WR,73.0,191.0,4.64,32.0,13.0,108.0,7.15,4.36,0.0,0.0,2015.0,58.0,90.0,7.0,1097.0,12.2,2.0,2.0,0.0,0.0,0.0
Amari Cooper,WR,73.0,211.0,4.42,33.0,0.0,120.0,6.71,3.98,1.0,4.0,2015.0,80.0,124.0,16.0,1727.0,13.9,5.0,20.0,0.0,23.0,4.6
Jamison Crowder,WR,68.0,185.0,4.56,37.0,10.0,115.0,7.17,4.32,1.0,105.0,2015.0,52.0,85.0,6.0,1044.0,12.3,2.0,6.0,0.0,9.0,4.5
DaVaris Daniels,WR,73.0,201.0,4.62,37.0,13.0,122.0,0.0,0.0,0.0,0.0,2015.0,82.0,49.0,7.0,745.0,15.2,2.0,2.0,0.0,0.0,0.0
Geremy Davis,WR,74.0,216.0,4.49,36.5,23.0,124.0,6.86,4.18,1.0,186.0,2015.0,39.0,44.0,3.0,521.0,11.8,0.0,0.0,0.0,0.0,0.0
Stefon Diggs,WR,72.0,195.0,4.46,35.0,0.0,115.0,7.03,4.32,1.0,146.0,2015.0,77.0,62.0,5.0,792.0,12.8,5.0,12.0,0.0,28.0,5.6
Phillip Dorsett,WR,70.0,185.0,4.33,37.0,13.0,122.0,6.7,4.11,1.0,29.0,2015.0,79.0,36.0,10.0,871.0,24.2,2.0,1.0,0.0,0.0,0.0
Ty Montgomery,WR,72.0,221.0,4.55,40.5,0.0,121.0,6.97,4.21,1.0,94.0,2015.0,44.0,61.0,3.0,604.0,9.9,23.0,18.0,1.0,144.0,6.3
Keith Mumphery,WR,72.0,215.0,4.54,32.5,0.0,121.0,7.07,4.25,1.0,175.0,2015.0,62.0,26.0,3.0,495.0,19.0,6.0,33.0,1.0,85.0,14.2
J.J. Nelson,WR,70.0,156.0,4.28,36.0,0.0,127.0,7.02,4.15,1.0,159.0,2015.0,88.0,35.0,4.0,655.0,18.7,5.0,18.0,0.0,45.0,9.0
DeVante Parker,WR,75.0,209.0,4.45,36.5,17.0,125.0,0.0,0.0,1.0,14.0,2015.0,71.0,43.0,5.0,855.0,19.9,0.0,0.0,0.0,0.0,0.0
Breshad Perriman,WR,74.0,212.0,0.0,0.0,0.0,0.0,0.0,0.0,1.0,26.0,2015.0,61.0,50.0,9.0,1044.0,20.9,1.0,0.0,0.0,0.0,0.0
Ezell Ruffin,WR,72.0,218.0,4.68,27.5,17.0,110.0,7.35,4.58,0.0,0.0,2015.0,59.0,26.0,2.0,422.0,16.2,2.0,0.0,0.0,0.0,0.0
Vince Mayle,WR,74.0,224.0,4.67,35.5,0.0,117.0,6.93,4.13,1.0,123.0,2015.0,90.0,106.0,9.0,1483.0,14.0,0.0,0.0,0.0,0.0,0.0
Christion Jones,WR,70.0,182.0,4.63,32.5,8.0,119.0,6.91,4.19,0.0,0.0,2015.0,41.0,19.0,1.0,264.0,13.9,1.0,0.0,0.0,0.0,0.0
Tony Lippett,WR,74.0,192.0,4.61,36.0,10.0,114.0,6.92,4.13,1.0,156.0,2015.0,71.0,65.0,11.0,1198.0,18.4,2.0,32.0,1.0,51.0,25.5
Tyler Lockett,WR,70.0,182.0,4.4,35.5,0.0,121.0,6.89,4.07,1.0,69.0,2015.0,70.0,106.0,11.0,1515.0,14.3,3.0,9.0,0.0,17.0,5.7
Deon Long,WR,72.0,192.0,4.51,34.0,12.0,120.0,6.98,4.27,0.0,0.0,2015.0,50.0,51.0,2.0,575.0,11.3,1.0,9.0,0.0,9.0,9.0
Sammie Coates,WR,73.0,212.0,4.43,41.0,23.0,131.0,6.98,4.06,1.0,87.0,2015.0,68.0,34.0,4.0,741.0,21.8,0.0,0.0,0.0,0.0,0.0
Tevin Reese,WR,70.0,163.0,4.46,41.0,0.0,132.0,6.63,4.18,1.0,240.0,2014.0,93.0,38.0,8.0,867.0,22.8,0.0,0.0,0.0,0.0,0.0
Paul Richardson,WR,72.0,175.0,4.4,38.0,0.0,124.0,7.09,0.0,1.0,45.0,2014.0,82.0,83.0,10.0,1343.0,16.2,1.0,7.0,0.0,7.0,7.0
Allen Robinson,WR,75.0,220.0,4.6,39.0,0.0,127.0,7.0,4.0,1.0,61.0,2014.0,65.0,97.0,6.0,1432.0,14.8,6.0,14.0,0.0,36.0,6.0
Jalen Saunders,WR,69.0,165.0,4.44,34.0,0.0,122.0,0.0,0.0,1.0,104.0,2014.0,76.0,61.0,8.0,729.0,12.0,5.0,37.0,0.0,44.0,8.8
Willie Snead,WR,71.0,195.0,4.62,33.5,11.0,113.0,7.19,4.39,0.0,0.0,2014.0,55.0,106.0,15.0,1516.0,14.3,0.0,0.0,0.0,0.0,0.0
Kaelin Clay,WR,70.0,195.0,4.51,33.0,10.0,113.0,6.97,4.26,1.0,184.0,2015.0,78.0,43.0,4.0,523.0,12.2,4.0,3.0,0.0,4.0,1.0
Donte Moncrief,WR,74.0,221.0,4.4,39.5,13.0,132.0,7.02,4.3,1.0,90.0,2014.0,67.0,59.0,6.0,938.0,15.9,0.0,0.0,0.0,0.0,0.0
Kevin Norwood,WR,74.0,198.0,4.48,33.0,8.0,121.0,6.68,4.32,1.0,123.0,2014.0,50.0,38.0,7.0,568.0,14.9,0.0,0.0,0.0,0.0,0.0
Devin Street,WR,75.0,198.0,4.55,37.0,0.0,124.0,6.89,4.01,1.0,146.0,2014.0,67.0,51.0,7.0,854.0,16.7,3.0,3.0,0.0,6.0,2.0
Kenny Bell,WR,73.0,197.0,4.42,41.5,7.0,129.0,6.66,4.15,1.0,162.0,2015.0,73.0,47.0,6.0,788.0,16.8,0.0,0.0,0.0,0.0,0.0
Da'Ron Brown,WR,72.0,205.0,4.54,37.0,17.0,120.0,7.04,4.11,1.0,233.0,2015.0,64.0,68.0,6.0,1065.0,15.7,10.0,61.0,1.0,108.0,10.8
L'Damian Washington,WR,76.0,195.0,4.46,32.0,8.0,115.0,7.19,4.35,0.0,0.0,2014.0,96.0,50.0,10.0,893.0,17.9,0.0,0.0,0.0,0.0,0.0
Sammy Watkins,WR,73.0,211.0,4.43,34.0,16.0,126.0,6.95,4.34,1.0,4.0,2014.0,96.0,101.0,12.0,1464.0,14.5,6.0,3.0,0.0,11.0,1.8
Dres Anderson,WR,73.0,187.0,4.54,0.0,13.0,0.0,0.0,0.0,0.0,0.0,2015.0,48.0,22.0,4.0,355.0,16.1,1.0,6.0,0.0,6.0,6.0
Albert Wilson,WR,69.0,202.0,4.43,37.5,10.0,123.0,7.0,4.21,0.0,0.0,2014.0,75.0,71.0,8.0,1177.0,16.6,24.0,80.0,1.0,251.0,10.5
Nelson Agholor,WR,72.0,198.0,4.42,0.0,12.0,0.0,0.0,0.0,1.0,20.0,2015.0,87.0,104.0,12.0,1313.0,12.6,4.0,4.0,0.0,3.0,0.8
Mario Alford,WR,68.0,180.0,4.43,34.0,13.0,121.0,6.64,4.07,1.0,238.0,2015.0,79.0,65.0,11.0,945.0,14.5,2.0,19.0,0.0,14.0,7.0
Cayleb Jones,WR,75.0,209.0,4.65,33.5,9.0,0.0,6.99,4.14,0.0,0.0,2016.0,78.0,55.0,5.0,904.0,16.4,0.0,0.0,0.0,0.0,0.0
Kenny Lawler,WR,74.0,203.0,4.64,31.0,0.0,111.0,7.13,4.2,1.0,243.0,2016.0,52.0,52.0,13.0,658.0,12.7,1.0,5.0,0.0,5.0,5.0
Roger Lewis,WR,72.0,201.0,4.57,33.5,8.0,116.0,0.0,0.0,0.0,0.0,2016.0,94.0,85.0,16.0,1544.0,18.2,0.0,0.0,0.0,0.0,0.0
Kolby Listenbee,WR,72.0,197.0,4.39,35.5,15.0,129.0,0.0,0.0,1.0,192.0,2016.0,60.0,30.0,5.0,597.0,19.9,1.0,11.0,0.0,11.0,11.0
Ricardo Louis,WR,74.0,215.0,4.43,38.0,18.0,132.0,0.0,0.0,1.0,114.0,2016.0,56.0,46.0,3.0,716.0,15.6,29.0,18.0,1.0,158.0,5.4
Rashard Higgins,WR,73.0,196.0,4.64,32.0,13.0,116.0,0.0,0.0,1.0,172.0,2016.0,46.0,75.0,8.0,1062.0,14.2,1.0,20.0,0.0,20.0,20.0
Johnny Holton,WR,73.0,190.0,4.54,31.5,8.0,123.0,0.0,0.0,0.0,0.0,2016.0,78.0,17.0,5.0,461.0,27.1,0.0,0.0,0.0,0.0,0.0
Demarcus Robinson,WR,73.0,203.0,4.59,34.5,0.0,123.0,6.77,4.19,1.0,126.0,2016.0,38.0,48.0,2.0,522.0,10.9,1.0,1.0,0.0,1.0,1.0
Alonzo Russell,WR,76.0,206.0,4.54,29.5,12.0,112.0,7.18,4.33,0.0,0.0,2016.0,51.0,36.0,5.0,618.0,17.2,0.0,0.0,0.0,0.0,0.0
Rashawn Scott,WR,73.0,199.0,4.54,32.5,17.0,116.0,0.0,0.0,0.0,0.0,2016.0,58.0,52.0,5.0,695.0,13.4,0.0,0.0,0.0,0.0,0.0
Hunter Sharp,WR,71.0,198.0,4.58,32.5,12.0,116.0,7.12,4.19,0.0,0.0,2016.0,49.0,71.0,9.0,835.0,11.8,8.0,8.0,0.0,20.0,2.5
Tajae Sharpe,WR,74.0,194.0,4.55,33.5,11.0,114.0,0.0,0.0,1.0,140.0,2016.0,49.0,111.0,5.0,1319.0,11.9,1.0,0.0,0.0,0.0,0.0
Sterling Shepard,WR,70.0,194.0,4.48,41.0,20.0,123.0,7.0,4.35,1.0,40.0,2016.0,74.0,86.0,11.0,1288.0,15.0,1.0,5.0,0.0,5.0,5.0
Nelson Spruce,WR,73.0,206.0,4.69,35.0,12.0,114.0,7.09,4.2,0.0,0.0,2016.0,50.0,89.0,4.0,1053.0,11.8,0.0,0.0,0.0,0.0,0.0
Byron Marshall,WR,69.0,201.0,4.42,0.0,17.0,0.0,0.0,0.0,0.0,0.0,2016.0,25.0,9.0,2.0,121.0,13.4,0.0,0.0,0.0,0.0,0.0
Mekale McKay,WR,76.0,207.0,4.55,35.0,12.0,123.0,7.08,4.63,0.0,0.0,2016.0,88.0,27.0,2.0,507.0,18.8,0.0,0.0,0.0,0.0,0.0
Marquez North,WR,74.0,223.0,4.48,35.0,17.0,123.0,6.9,4.13,0.0,0.0,2016.0,16.0,6.0,0.0,58.0,9.7,0.0,0.0,0.0,0.0,0.0
Jordan Payton,WR,73.0,207.0,4.47,34.5,0.0,121.0,7.08,4.33,1.0,154.0,2016.0,59.0,78.0,5.0,1106.0,14.2,0.0,0.0,0.0,0.0,0.0
Charone Peake,WR,74.0,209.0,4.45,35.5,12.0,122.0,6.96,4.46,1.0,241.0,2016.0,64.0,50.0,5.0,716.0,14.3,0.0,0.0,0.0,0.0,0.0
Keyarris Garrett,WR,75.0,220.0,4.53,36.5,14.0,128.0,7.3,4.33,0.0,0.0,2016.0,50.0,96.0,8.0,1588.0,16.5,0.0,0.0,0.0,0.0,0.0
Geronimo Allison,WR,75.0,196.0,4.67,33.0,0.0,127.0,7.4,4.28,0.0,0.0,2016.0,53.0,65.0,3.0,882.0,13.6,0.0,0.0,0.0,0.0,0.0
Demarcus Ayers,WR,69.0,182.0,4.72,33.0,0.0,123.0,0.0,0.0,1.0,229.0,2016.0,67.0,98.0,6.0,1222.0,12.5,25.0,53.0,1.0,147.0,5.9
Tyler Boyd,WR,73.0,197.0,4.58,34.0,11.0,119.0,6.9,4.35,1.0,55.0,2016.0,51.0,91.0,6.0,926.0,10.2,40.0,37.0,0.0,349.0,8.7
D.J. Foster,WR,70.0,193.0,4.57,35.5,14.0,117.0,6.75,4.07,0.0,0.0,2016.0,33.0,59.0,3.0,584.0,9.9,55.0,63.0,1.0,280.0,5.1
Aaron Burbridge,WR,72.0,206.0,4.56,30.5,20.0,115.0,7.22,4.31,1.0,213.0,2016.0,56.0,85.0,7.0,1258.0,14.8,9.0,13.0,0.0,44.0,4.9
Bralon Addison,WR,69.0,197.0,4.66,34.5,13.0,116.0,6.95,4.14,0.0,0.0,2016.0,48.0,63.0,10.0,804.0,12.8,17.0,13.0,2.0,84.0,4.9
Devon Cajuste,WR,76.0,234.0,4.62,36.0,12.0,123.0,6.49,4.2,0.0,0.0,2016.0,42.0,27.0,3.0,383.0,14.2,0.0,0.0,0.0,0.0,0.0
DeAndre Smelter,WR,74.0,226.0,4.52,0.0,0.0,0.0,0.0,0.0,1.0,132.0,2015.0,71.0,35.0,7.0,715.0,20.4,3.0,75.0,1.0,103.0,34.3
Jaelen Strong,WR,74.0,217.0,4.44,42.0,0.0,123.0,0.0,0.0,1.0,70.0,2015.0,77.0,82.0,10.0,1165.0,14.2,0.0,0.0,0.0,0.0,0.0
Darren Waller,WR,78.0,238.0,4.46,37.0,12.0,125.0,7.07,4.25,1.0,204.0,2015.0,55.0,26.0,6.0,442.0,17.0,0.0,0.0,0.0,0.0,0.0
DeAndrew White,WR,71.0,193.0,4.44,34.5,0.0,118.0,6.97,4.18,0.0,0.0,2015.0,58.0,40.0,4.0,504.0,12.6,2.0,0.0,0.0,0.0,0.0
Cam Worthy,WR,74.0,211.0,4.59,0.0,12.0,0.0,0.0,0.0,0.0,0.0,2015.0,53.0,55.0,4.0,1016.0,18.5,0.0,0.0,0.0,0.0,0.0
Josh Doctson,WR,74.0,202.0,4.5,41.0,14.0,131.0,6.84,4.08,1.0,22.0,2016.0,55.0,79.0,14.0,1327.0,16.8,1.0,6.0,0.0,6.0,6.0
Cody Core,WR,75.0,205.0,4.47,31.5,14.0,119.0,0.0,0.0,1.0,199.0,2016.0,73.0,37.0,4.0,644.0,17.4,1.0,1.0,0.0,1.0,1.0
Corey Coleman,WR,71.0,194.0,4.42,40.5,17.0,129.0,0.0,0.0,1.0,15.0,2016.0,81.0,74.0,20.0,1363.0,18.4,22.0,24.0,0.0,111.0,5.0
Leonte Carroo,WR,72.0,211.0,4.5,35.5,14.0,120.0,0.0,0.0,1.0,86.0,2016.0,58.0,39.0,10.0,809.0,20.7,0.0,0.0,0.0,0.0,0.0
Pharoh Cooper,WR,71.0,203.0,4.52,31.0,15.0,115.0,0.0,0.0,1.0,117.0,2016.0,78.0,66.0,8.0,973.0,14.7,24.0,29.0,1.0,111.0,4.6
Duke Williams,WR,74.0,229.0,4.72,30.0,14.0,121.0,7.43,4.47,0.0,0.0,2016.0,74.0,15.0,1.0,259.0,17.3,0.0,0.0,0.0,0.0,0.0
Lestar Jean,WR,75.0,215.0,4.61,37.5,14.0,113.0,7.45,4.43,0.0,0.0,2011.0,80.0,64.0,8.0,988.0,15.4,2.0,0.0,0.0,0.0,0.0
Tré Turner,WR,73.0,184.0,4.51,27.0,0.0,113.0,7.45,4.53,0.0,0.0,2022.0,0.0,0.0,0.0,0.0,0.0,0.0,0.0,0.0,0.0,0.0
Jalin Marshall,WR,70.0,200.0,4.6,37.5,16.0,125.0,6.8,4.13,0.0,0.0,2016.0,13.0,1.0,0.0,13.0,13.0,0.0,0.0,0.0,0.0,0.0
Seth Williams,WR,75.0,211.0,4.49,37.0,12.0,124.0,7.2,4.43,1.0,219.0,2021.0,9.0,1.0,0.0,9.0,9.0,0.0,0.0,0.0,0.0,0.0
